transcript_id,model_id,model_folder,model_name,domain,game,experiment,instance,source_path
cityuol2b__codenames__abstract__instance_00003,cityuol2b,CityUoL__qwen3.5-2b__Qwen-GuidePlay-2B-v1,CityUoL__qwen3.5-2b__Qwen-GuidePlay-2B-v1,clem_indomain,codenames,abstract,instance_00003,games_final/clem_indomain/CityUoL__qwen3.5-2b__Qwen-GuidePlay-2B-v1/codenames/abstract/instance_00003/interactions.json
dair2b__codenames__abstract__instance_00003,dair2b,DAIR__qwen3.5-2b__sft-dpo-v2,DAIR__qwen3.5-2b__sft-dpo-v2,clem_indomain,codenames,abstract,instance_00003,games_final/clem_indomain/DAIR__qwen3.5-2b__sft-dpo-v2/codenames/abstract/instance_00003/interactions.json
llp9b__codenames__abstract__instance_00003,llp9b,LLP: Large Language Problems__qwen3.5-9b__llp-final,LLP: Large Language Problems__qwen3.5-9b__llp-final,clem_indomain,codenames,abstract,instance_00003,games_final/clem_indomain/LLP: Large Language Problems__qwen3.5-9b__llp-final/codenames/abstract/instance_00003/interactions.json
qwen27b__codenames__abstract__instance_00003,qwen27b,qwen3.5-27b,qwen3.5-27b,clem_indomain,codenames,abstract,instance_00003,games_final/clem_indomain/qwen3.5-27b/codenames/abstract/instance_00003/interactions.json
cityuol2b__codenames__ambiguous__instance_00001,cityuol2b,CityUoL__qwen3.5-2b__Qwen-GuidePlay-2B-v1,CityUoL__qwen3.5-2b__Qwen-GuidePlay-2B-v1,clem_indomain,codenames,ambiguous,instance_00001,games_final/clem_indomain/CityUoL__qwen3.5-2b__Qwen-GuidePlay-2B-v1/codenames/ambiguous/instance_00001/interactions.json
dair2b__codenames__ambiguous__instance_00001,dair2b,DAIR__qwen3.5-2b__sft-dpo-v2,DAIR__qwen3.5-2b__sft-dpo-v2,clem_indomain,codenames,ambiguous,instance_00001,games_final/clem_indomain/DAIR__qwen3.5-2b__sft-dpo-v2/codenames/ambiguous/instance_00001/interactions.json
llp9b__codenames__ambiguous__instance_00001,llp9b,LLP: Large Language Problems__qwen3.5-9b__llp-final,LLP: Large Language Problems__qwen3.5-9b__llp-final,clem_indomain,codenames,ambiguous,instance_00001,games_final/clem_indomain/LLP: Large Language Problems__qwen3.5-9b__llp-final/codenames/ambiguous/instance_00001/interactions.json
qwen27b__codenames__ambiguous__instance_00001,qwen27b,qwen3.5-27b,qwen3.5-27b,clem_indomain,codenames,ambiguous,instance_00001,games_final/clem_indomain/qwen3.5-27b/codenames/ambiguous/instance_00001/interactions.json
cityuol2b__codenames__association_difficult__instance_00000,cityuol2b,CityUoL__qwen3.5-2b__Qwen-GuidePlay-2B-v1,CityUoL__qwen3.5-2b__Qwen-GuidePlay-2B-v1,clem_indomain,codenames,association_difficult,instance_00000,games_final/clem_indomain/CityUoL__qwen3.5-2b__Qwen-GuidePlay-2B-v1/codenames/association_difficult/instance_00000/interactions.json
dair2b__codenames__association_difficult__instance_00000,dair2b,DAIR__qwen3.5-2b__sft-dpo-v2,DAIR__qwen3.5-2b__sft-dpo-v2,clem_indomain,codenames,association_difficult,instance_00000,games_final/clem_indomain/DAIR__qwen3.5-2b__sft-dpo-v2/codenames/association_difficult/instance_00000/interactions.json
llp9b__codenames__association_difficult__instance_00000,llp9b,LLP: Large Language Problems__qwen3.5-9b__llp-final,LLP: Large Language Problems__qwen3.5-9b__llp-final,clem_indomain,codenames,association_difficult,instance_00000,games_final/clem_indomain/LLP: Large Language Problems__qwen3.5-9b__llp-final/codenames/association_difficult/instance_00000/interactions.json
qwen27b__codenames__association_difficult__instance_00000,qwen27b,qwen3.5-27b,qwen3.5-27b,clem_indomain,codenames,association_difficult,instance_00000,games_final/clem_indomain/qwen3.5-27b/codenames/association_difficult/instance_00000/interactions.json
cityuol2b__codenames__association_easy__instance_00004,cityuol2b,CityUoL__qwen3.5-2b__Qwen-GuidePlay-2B-v1,CityUoL__qwen3.5-2b__Qwen-GuidePlay-2B-v1,clem_indomain,codenames,association_easy,instance_00004,games_final/clem_indomain/CityUoL__qwen3.5-2b__Qwen-GuidePlay-2B-v1/codenames/association_easy/instance_00004/interactions.json
dair2b__codenames__association_easy__instance_00004,dair2b,DAIR__qwen3.5-2b__sft-dpo-v2,DAIR__qwen3.5-2b__sft-dpo-v2,clem_indomain,codenames,association_easy,instance_00004,games_final/clem_indomain/DAIR__qwen3.5-2b__sft-dpo-v2/codenames/association_easy/instance_00004/interactions.json
llp9b__codenames__association_easy__instance_00004,llp9b,LLP: Large Language Problems__qwen3.5-9b__llp-final,LLP: Large Language Problems__qwen3.5-9b__llp-final,clem_indomain,codenames,association_easy,instance_00004,games_final/clem_indomain/LLP: Large Language Problems__qwen3.5-9b__llp-final/codenames/association_easy/instance_00004/interactions.json
qwen27b__codenames__association_easy__instance_00004,qwen27b,qwen3.5-27b,qwen3.5-27b,clem_indomain,codenames,association_easy,instance_00004,games_final/clem_indomain/qwen3.5-27b/codenames/association_easy/instance_00004/interactions.json
cityuol2b__codenames__concrete__instance_00007,cityuol2b,CityUoL__qwen3.5-2b__Qwen-GuidePlay-2B-v1,CityUoL__qwen3.5-2b__Qwen-GuidePlay-2B-v1,clem_indomain,codenames,concrete,instance_00007,games_final/clem_indomain/CityUoL__qwen3.5-2b__Qwen-GuidePlay-2B-v1/codenames/concrete/instance_00007/interactions.json
dair2b__codenames__concrete__instance_00007,dair2b,DAIR__qwen3.5-2b__sft-dpo-v2,DAIR__qwen3.5-2b__sft-dpo-v2,clem_indomain,codenames,concrete,instance_00007,games_final/clem_indomain/DAIR__qwen3.5-2b__sft-dpo-v2/codenames/concrete/instance_00007/interactions.json
llp9b__codenames__concrete__instance_00007,llp9b,LLP: Large Language Problems__qwen3.5-9b__llp-final,LLP: Large Language Problems__qwen3.5-9b__llp-final,clem_indomain,codenames,concrete,instance_00007,games_final/clem_indomain/LLP: Large Language Problems__qwen3.5-9b__llp-final/codenames/concrete/instance_00007/interactions.json
qwen27b__codenames__concrete__instance_00007,qwen27b,qwen3.5-27b,qwen3.5-27b,clem_indomain,codenames,concrete,instance_00007,games_final/clem_indomain/qwen3.5-27b/codenames/concrete/instance_00007/interactions.json
cityuol2b__codenames__frequency_high__instance_00009,cityuol2b,CityUoL__qwen3.5-2b__Qwen-GuidePlay-2B-v1,CityUoL__qwen3.5-2b__Qwen-GuidePlay-2B-v1,clem_indomain,codenames,frequency_high,instance_00009,games_final/clem_indomain/CityUoL__qwen3.5-2b__Qwen-GuidePlay-2B-v1/codenames/frequency_high/instance_00009/interactions.json
dair2b__codenames__frequency_high__instance_00009,dair2b,DAIR__qwen3.5-2b__sft-dpo-v2,DAIR__qwen3.5-2b__sft-dpo-v2,clem_indomain,codenames,frequency_high,instance_00009,games_final/clem_indomain/DAIR__qwen3.5-2b__sft-dpo-v2/codenames/frequency_high/instance_00009/interactions.json
llp9b__codenames__frequency_high__instance_00009,llp9b,LLP: Large Language Problems__qwen3.5-9b__llp-final,LLP: Large Language Problems__qwen3.5-9b__llp-final,clem_indomain,codenames,frequency_high,instance_00009,games_final/clem_indomain/LLP: Large Language Problems__qwen3.5-9b__llp-final/codenames/frequency_high/instance_00009/interactions.json
qwen27b__codenames__frequency_high__instance_00009,qwen27b,qwen3.5-27b,qwen3.5-27b,clem_indomain,codenames,frequency_high,instance_00009,games_final/clem_indomain/qwen3.5-27b/codenames/frequency_high/instance_00009/interactions.json
cityuol2b__codenames__frequency_low__instance_00005,cityuol2b,CityUoL__qwen3.5-2b__Qwen-GuidePlay-2B-v1,CityUoL__qwen3.5-2b__Qwen-GuidePlay-2B-v1,clem_indomain,codenames,frequency_low,instance_00005,games_final/clem_indomain/CityUoL__qwen3.5-2b__Qwen-GuidePlay-2B-v1/codenames/frequency_low/instance_00005/interactions.json
dair2b__codenames__frequency_low__instance_00005,dair2b,DAIR__qwen3.5-2b__sft-dpo-v2,DAIR__qwen3.5-2b__sft-dpo-v2,clem_indomain,codenames,frequency_low,instance_00005,games_final/clem_indomain/DAIR__qwen3.5-2b__sft-dpo-v2/codenames/frequency_low/instance_00005/interactions.json
llp9b__codenames__frequency_low__instance_00005,llp9b,LLP: Large Language Problems__qwen3.5-9b__llp-final,LLP: Large Language Problems__qwen3.5-9b__llp-final,clem_indomain,codenames,frequency_low,instance_00005,games_final/clem_indomain/LLP: Large Language Problems__qwen3.5-9b__llp-final/codenames/frequency_low/instance_00005/interactions.json
qwen27b__codenames__frequency_low__instance_00005,qwen27b,qwen3.5-27b,qwen3.5-27b,clem_indomain,codenames,frequency_low,instance_00005,games_final/clem_indomain/qwen3.5-27b/codenames/frequency_low/instance_00005/interactions.json
cityuol2b__codenames__opponent_difficult__instance_00008,cityuol2b,CityUoL__qwen3.5-2b__Qwen-GuidePlay-2B-v1,CityUoL__qwen3.5-2b__Qwen-GuidePlay-2B-v1,clem_indomain,codenames,opponent_difficult,instance_00008,games_final/clem_indomain/CityUoL__qwen3.5-2b__Qwen-GuidePlay-2B-v1/codenames/opponent_difficult/instance_00008/interactions.json
dair2b__codenames__opponent_difficult__instance_00008,dair2b,DAIR__qwen3.5-2b__sft-dpo-v2,DAIR__qwen3.5-2b__sft-dpo-v2,clem_indomain,codenames,opponent_difficult,instance_00008,games_final/clem_indomain/DAIR__qwen3.5-2b__sft-dpo-v2/codenames/opponent_difficult/instance_00008/interactions.json
llp9b__codenames__opponent_difficult__instance_00008,llp9b,LLP: Large Language Problems__qwen3.5-9b__llp-final,LLP: Large Language Problems__qwen3.5-9b__llp-final,clem_indomain,codenames,opponent_difficult,instance_00008,games_final/clem_indomain/LLP: Large Language Problems__qwen3.5-9b__llp-final/codenames/opponent_difficult/instance_00008/interactions.json
qwen27b__codenames__opponent_difficult__instance_00008,qwen27b,qwen3.5-27b,qwen3.5-27b,clem_indomain,codenames,opponent_difficult,instance_00008,games_final/clem_indomain/qwen3.5-27b/codenames/opponent_difficult/instance_00008/interactions.json
cityuol2b__codenames__opponent_easy__instance_00006,cityuol2b,CityUoL__qwen3.5-2b__Qwen-GuidePlay-2B-v1,CityUoL__qwen3.5-2b__Qwen-GuidePlay-2B-v1,clem_indomain,codenames,opponent_easy,instance_00006,games_final/clem_indomain/CityUoL__qwen3.5-2b__Qwen-GuidePlay-2B-v1/codenames/opponent_easy/instance_00006/interactions.json
dair2b__codenames__opponent_easy__instance_00006,dair2b,DAIR__qwen3.5-2b__sft-dpo-v2,DAIR__qwen3.5-2b__sft-dpo-v2,clem_indomain,codenames,opponent_easy,instance_00006,games_final/clem_indomain/DAIR__qwen3.5-2b__sft-dpo-v2/codenames/opponent_easy/instance_00006/interactions.json
llp9b__codenames__opponent_easy__instance_00006,llp9b,LLP: Large Language Problems__qwen3.5-9b__llp-final,LLP: Large Language Problems__qwen3.5-9b__llp-final,clem_indomain,codenames,opponent_easy,instance_00006,games_final/clem_indomain/LLP: Large Language Problems__qwen3.5-9b__llp-final/codenames/opponent_easy/instance_00006/interactions.json
qwen27b__codenames__opponent_easy__instance_00006,qwen27b,qwen3.5-27b,qwen3.5-27b,clem_indomain,codenames,opponent_easy,instance_00006,games_final/clem_indomain/qwen3.5-27b/codenames/opponent_easy/instance_00006/interactions.json
cityuol2b__codenames__opponent_none__instance_00002,cityuol2b,CityUoL__qwen3.5-2b__Qwen-GuidePlay-2B-v1,CityUoL__qwen3.5-2b__Qwen-GuidePlay-2B-v1,clem_indomain,codenames,opponent_none,instance_00002,games_final/clem_indomain/CityUoL__qwen3.5-2b__Qwen-GuidePlay-2B-v1/codenames/opponent_none/instance_00002/interactions.json
dair2b__codenames__opponent_none__instance_00002,dair2b,DAIR__qwen3.5-2b__sft-dpo-v2,DAIR__qwen3.5-2b__sft-dpo-v2,clem_indomain,codenames,opponent_none,instance_00002,games_final/clem_indomain/DAIR__qwen3.5-2b__sft-dpo-v2/codenames/opponent_none/instance_00002/interactions.json
llp9b__codenames__opponent_none__instance_00002,llp9b,LLP: Large Language Problems__qwen3.5-9b__llp-final,LLP: Large Language Problems__qwen3.5-9b__llp-final,clem_indomain,codenames,opponent_none,instance_00002,games_final/clem_indomain/LLP: Large Language Problems__qwen3.5-9b__llp-final/codenames/opponent_none/instance_00002/interactions.json
qwen27b__codenames__opponent_none__instance_00002,qwen27b,qwen3.5-27b,qwen3.5-27b,clem_indomain,codenames,opponent_none,instance_00002,games_final/clem_indomain/qwen3.5-27b/codenames/opponent_none/instance_00002/interactions.json
cityuol2b__codenames__risk_high__instance_00005,cityuol2b,CityUoL__qwen3.5-2b__Qwen-GuidePlay-2B-v1,CityUoL__qwen3.5-2b__Qwen-GuidePlay-2B-v1,clem_indomain,codenames,risk_high,instance_00005,games_final/clem_indomain/CityUoL__qwen3.5-2b__Qwen-GuidePlay-2B-v1/codenames/risk_high/instance_00005/interactions.json
dair2b__codenames__risk_high__instance_00005,dair2b,DAIR__qwen3.5-2b__sft-dpo-v2,DAIR__qwen3.5-2b__sft-dpo-v2,clem_indomain,codenames,risk_high,instance_00005,games_final/clem_indomain/DAIR__qwen3.5-2b__sft-dpo-v2/codenames/risk_high/instance_00005/interactions.json
llp9b__codenames__risk_high__instance_00005,llp9b,LLP: Large Language Problems__qwen3.5-9b__llp-final,LLP: Large Language Problems__qwen3.5-9b__llp-final,clem_indomain,codenames,risk_high,instance_00005,games_final/clem_indomain/LLP: Large Language Problems__qwen3.5-9b__llp-final/codenames/risk_high/instance_00005/interactions.json
qwen27b__codenames__risk_high__instance_00005,qwen27b,qwen3.5-27b,qwen3.5-27b,clem_indomain,codenames,risk_high,instance_00005,games_final/clem_indomain/qwen3.5-27b/codenames/risk_high/instance_00005/interactions.json
cityuol2b__codenames__risk_low__instance_00001,cityuol2b,CityUoL__qwen3.5-2b__Qwen-GuidePlay-2B-v1,CityUoL__qwen3.5-2b__Qwen-GuidePlay-2B-v1,clem_indomain,codenames,risk_low,instance_00001,games_final/clem_indomain/CityUoL__qwen3.5-2b__Qwen-GuidePlay-2B-v1/codenames/risk_low/instance_00001/interactions.json
dair2b__codenames__risk_low__instance_00001,dair2b,DAIR__qwen3.5-2b__sft-dpo-v2,DAIR__qwen3.5-2b__sft-dpo-v2,clem_indomain,codenames,risk_low,instance_00001,games_final/clem_indomain/DAIR__qwen3.5-2b__sft-dpo-v2/codenames/risk_low/instance_00001/interactions.json
llp9b__codenames__risk_low__instance_00001,llp9b,LLP: Large Language Problems__qwen3.5-9b__llp-final,LLP: Large Language Problems__qwen3.5-9b__llp-final,clem_indomain,codenames,risk_low,instance_00001,games_final/clem_indomain/LLP: Large Language Problems__qwen3.5-9b__llp-final/codenames/risk_low/instance_00001/interactions.json
qwen27b__codenames__risk_low__instance_00001,qwen27b,qwen3.5-27b,qwen3.5-27b,clem_indomain,codenames,risk_low,instance_00001,games_final/clem_indomain/qwen3.5-27b/codenames/risk_low/instance_00001/interactions.json
cityuol2b__codenames__unambiguous__instance_00004,cityuol2b,CityUoL__qwen3.5-2b__Qwen-GuidePlay-2B-v1,CityUoL__qwen3.5-2b__Qwen-GuidePlay-2B-v1,clem_indomain,codenames,unambiguous,instance_00004,games_final/clem_indomain/CityUoL__qwen3.5-2b__Qwen-GuidePlay-2B-v1/codenames/unambiguous/instance_00004/interactions.json
dair2b__codenames__unambiguous__instance_00004,dair2b,DAIR__qwen3.5-2b__sft-dpo-v2,DAIR__qwen3.5-2b__sft-dpo-v2,clem_indomain,codenames,unambiguous,instance_00004,games_final/clem_indomain/DAIR__qwen3.5-2b__sft-dpo-v2/codenames/unambiguous/instance_00004/interactions.json
llp9b__codenames__unambiguous__instance_00004,llp9b,LLP: Large Language Problems__qwen3.5-9b__llp-final,LLP: Large Language Problems__qwen3.5-9b__llp-final,clem_indomain,codenames,unambiguous,instance_00004,games_final/clem_indomain/LLP: Large Language Problems__qwen3.5-9b__llp-final/codenames/unambiguous/instance_00004/interactions.json
qwen27b__codenames__unambiguous__instance_00004,qwen27b,qwen3.5-27b,qwen3.5-27b,clem_indomain,codenames,unambiguous,instance_00004,games_final/clem_indomain/qwen3.5-27b/codenames/unambiguous/instance_00004/interactions.json
cityuol2b__dond__coop_en__instance_00003,cityuol2b,CityUoL__qwen3.5-2b__Qwen-GuidePlay-2B-v1,CityUoL__qwen3.5-2b__Qwen-GuidePlay-2B-v1,clem_indomain,dond,coop_en,instance_00003,games_final/clem_indomain/CityUoL__qwen3.5-2b__Qwen-GuidePlay-2B-v1/dond/coop_en/instance_00003/interactions.json
dair2b__dond__coop_en__instance_00003,dair2b,DAIR__qwen3.5-2b__sft-dpo-v2,DAIR__qwen3.5-2b__sft-dpo-v2,clem_indomain,dond,coop_en,instance_00003,games_final/clem_indomain/DAIR__qwen3.5-2b__sft-dpo-v2/dond/coop_en/instance_00003/interactions.json
llp9b__dond__coop_en__instance_00003,llp9b,LLP: Large Language Problems__qwen3.5-9b__llp-final,LLP: Large Language Problems__qwen3.5-9b__llp-final,clem_indomain,dond,coop_en,instance_00003,games_final/clem_indomain/LLP: Large Language Problems__qwen3.5-9b__llp-final/dond/coop_en/instance_00003/interactions.json
qwen27b__dond__coop_en__instance_00003,qwen27b,qwen3.5-27b,qwen3.5-27b,clem_indomain,dond,coop_en,instance_00003,games_final/clem_indomain/qwen3.5-27b/dond/coop_en/instance_00003/interactions.json
cityuol2b__dond__coop_en__instance_00004,cityuol2b,CityUoL__qwen3.5-2b__Qwen-GuidePlay-2B-v1,CityUoL__qwen3.5-2b__Qwen-GuidePlay-2B-v1,clem_indomain,dond,coop_en,instance_00004,games_final/clem_indomain/CityUoL__qwen3.5-2b__Qwen-GuidePlay-2B-v1/dond/coop_en/instance_00004/interactions.json
dair2b__dond__coop_en__instance_00004,dair2b,DAIR__qwen3.5-2b__sft-dpo-v2,DAIR__qwen3.5-2b__sft-dpo-v2,clem_indomain,dond,coop_en,instance_00004,games_final/clem_indomain/DAIR__qwen3.5-2b__sft-dpo-v2/dond/coop_en/instance_00004/interactions.json
llp9b__dond__coop_en__instance_00004,llp9b,LLP: Large Language Problems__qwen3.5-9b__llp-final,LLP: Large Language Problems__qwen3.5-9b__llp-final,clem_indomain,dond,coop_en,instance_00004,games_final/clem_indomain/LLP: Large Language Problems__qwen3.5-9b__llp-final/dond/coop_en/instance_00004/interactions.json
qwen27b__dond__coop_en__instance_00004,qwen27b,qwen3.5-27b,qwen3.5-27b,clem_indomain,dond,coop_en,instance_00004,games_final/clem_indomain/qwen3.5-27b/dond/coop_en/instance_00004/interactions.json
cityuol2b__dond__coop_en__instance_00006,cityuol2b,CityUoL__qwen3.5-2b__Qwen-GuidePlay-2B-v1,CityUoL__qwen3.5-2b__Qwen-GuidePlay-2B-v1,clem_indomain,dond,coop_en,instance_00006,games_final/clem_indomain/CityUoL__qwen3.5-2b__Qwen-GuidePlay-2B-v1/dond/coop_en/instance_00006/interactions.json
dair2b__dond__coop_en__instance_00006,dair2b,DAIR__qwen3.5-2b__sft-dpo-v2,DAIR__qwen3.5-2b__sft-dpo-v2,clem_indomain,dond,coop_en,instance_00006,games_final/clem_indomain/DAIR__qwen3.5-2b__sft-dpo-v2/dond/coop_en/instance_00006/interactions.json
llp9b__dond__coop_en__instance_00006,llp9b,LLP: Large Language Problems__qwen3.5-9b__llp-final,LLP: Large Language Problems__qwen3.5-9b__llp-final,clem_indomain,dond,coop_en,instance_00006,games_final/clem_indomain/LLP: Large Language Problems__qwen3.5-9b__llp-final/dond/coop_en/instance_00006/interactions.json
qwen27b__dond__coop_en__instance_00006,qwen27b,qwen3.5-27b,qwen3.5-27b,clem_indomain,dond,coop_en,instance_00006,games_final/clem_indomain/qwen3.5-27b/dond/coop_en/instance_00006/interactions.json
cityuol2b__dond__coop_en__instance_00007,cityuol2b,CityUoL__qwen3.5-2b__Qwen-GuidePlay-2B-v1,CityUoL__qwen3.5-2b__Qwen-GuidePlay-2B-v1,clem_indomain,dond,coop_en,instance_00007,games_final/clem_indomain/CityUoL__qwen3.5-2b__Qwen-GuidePlay-2B-v1/dond/coop_en/instance_00007/interactions.json
dair2b__dond__coop_en__instance_00007,dair2b,DAIR__qwen3.5-2b__sft-dpo-v2,DAIR__qwen3.5-2b__sft-dpo-v2,clem_indomain,dond,coop_en,instance_00007,games_final/clem_indomain/DAIR__qwen3.5-2b__sft-dpo-v2/dond/coop_en/instance_00007/interactions.json
llp9b__dond__coop_en__instance_00007,llp9b,LLP: Large Language Problems__qwen3.5-9b__llp-final,LLP: Large Language Problems__qwen3.5-9b__llp-final,clem_indomain,dond,coop_en,instance_00007,games_final/clem_indomain/LLP: Large Language Problems__qwen3.5-9b__llp-final/dond/coop_en/instance_00007/interactions.json
qwen27b__dond__coop_en__instance_00007,qwen27b,qwen3.5-27b,qwen3.5-27b,clem_indomain,dond,coop_en,instance_00007,games_final/clem_indomain/qwen3.5-27b/dond/coop_en/instance_00007/interactions.json
cityuol2b__dond__coop_en__instance_00008,cityuol2b,CityUoL__qwen3.5-2b__Qwen-GuidePlay-2B-v1,CityUoL__qwen3.5-2b__Qwen-GuidePlay-2B-v1,clem_indomain,dond,coop_en,instance_00008,games_final/clem_indomain/CityUoL__qwen3.5-2b__Qwen-GuidePlay-2B-v1/dond/coop_en/instance_00008/interactions.json
dair2b__dond__coop_en__instance_00008,dair2b,DAIR__qwen3.5-2b__sft-dpo-v2,DAIR__qwen3.5-2b__sft-dpo-v2,clem_indomain,dond,coop_en,instance_00008,games_final/clem_indomain/DAIR__qwen3.5-2b__sft-dpo-v2/dond/coop_en/instance_00008/interactions.json
llp9b__dond__coop_en__instance_00008,llp9b,LLP: Large Language Problems__qwen3.5-9b__llp-final,LLP: Large Language Problems__qwen3.5-9b__llp-final,clem_indomain,dond,coop_en,instance_00008,games_final/clem_indomain/LLP: Large Language Problems__qwen3.5-9b__llp-final/dond/coop_en/instance_00008/interactions.json
qwen27b__dond__coop_en__instance_00008,qwen27b,qwen3.5-27b,qwen3.5-27b,clem_indomain,dond,coop_en,instance_00008,games_final/clem_indomain/qwen3.5-27b/dond/coop_en/instance_00008/interactions.json
cityuol2b__dond__coop_en__instance_00011,cityuol2b,CityUoL__qwen3.5-2b__Qwen-GuidePlay-2B-v1,CityUoL__qwen3.5-2b__Qwen-GuidePlay-2B-v1,clem_indomain,dond,coop_en,instance_00011,games_final/clem_indomain/CityUoL__qwen3.5-2b__Qwen-GuidePlay-2B-v1/dond/coop_en/instance_00011/interactions.json
dair2b__dond__coop_en__instance_00011,dair2b,DAIR__qwen3.5-2b__sft-dpo-v2,DAIR__qwen3.5-2b__sft-dpo-v2,clem_indomain,dond,coop_en,instance_00011,games_final/clem_indomain/DAIR__qwen3.5-2b__sft-dpo-v2/dond/coop_en/instance_00011/interactions.json
llp9b__dond__coop_en__instance_00011,llp9b,LLP: Large Language Problems__qwen3.5-9b__llp-final,LLP: Large Language Problems__qwen3.5-9b__llp-final,clem_indomain,dond,coop_en,instance_00011,games_final/clem_indomain/LLP: Large Language Problems__qwen3.5-9b__llp-final/dond/coop_en/instance_00011/interactions.json
qwen27b__dond__coop_en__instance_00011,qwen27b,qwen3.5-27b,qwen3.5-27b,clem_indomain,dond,coop_en,instance_00011,games_final/clem_indomain/qwen3.5-27b/dond/coop_en/instance_00011/interactions.json
cityuol2b__dond__coop_en__instance_00017,cityuol2b,CityUoL__qwen3.5-2b__Qwen-GuidePlay-2B-v1,CityUoL__qwen3.5-2b__Qwen-GuidePlay-2B-v1,clem_indomain,dond,coop_en,instance_00017,games_final/clem_indomain/CityUoL__qwen3.5-2b__Qwen-GuidePlay-2B-v1/dond/coop_en/instance_00017/interactions.json
dair2b__dond__coop_en__instance_00017,dair2b,DAIR__qwen3.5-2b__sft-dpo-v2,DAIR__qwen3.5-2b__sft-dpo-v2,clem_indomain,dond,coop_en,instance_00017,games_final/clem_indomain/DAIR__qwen3.5-2b__sft-dpo-v2/dond/coop_en/instance_00017/interactions.json
llp9b__dond__coop_en__instance_00017,llp9b,LLP: Large Language Problems__qwen3.5-9b__llp-final,LLP: Large Language Problems__qwen3.5-9b__llp-final,clem_indomain,dond,coop_en,instance_00017,games_final/clem_indomain/LLP: Large Language Problems__qwen3.5-9b__llp-final/dond/coop_en/instance_00017/interactions.json
qwen27b__dond__coop_en__instance_00017,qwen27b,qwen3.5-27b,qwen3.5-27b,clem_indomain,dond,coop_en,instance_00017,games_final/clem_indomain/qwen3.5-27b/dond/coop_en/instance_00017/interactions.json
cityuol2b__dond__semi_en__instance_00000,cityuol2b,CityUoL__qwen3.5-2b__Qwen-GuidePlay-2B-v1,CityUoL__qwen3.5-2b__Qwen-GuidePlay-2B-v1,clem_indomain,dond,semi_en,instance_00000,games_final/clem_indomain/CityUoL__qwen3.5-2b__Qwen-GuidePlay-2B-v1/dond/semi_en/instance_00000/interactions.json
dair2b__dond__semi_en__instance_00000,dair2b,DAIR__qwen3.5-2b__sft-dpo-v2,DAIR__qwen3.5-2b__sft-dpo-v2,clem_indomain,dond,semi_en,instance_00000,games_final/clem_indomain/DAIR__qwen3.5-2b__sft-dpo-v2/dond/semi_en/instance_00000/interactions.json
llp9b__dond__semi_en__instance_00000,llp9b,LLP: Large Language Problems__qwen3.5-9b__llp-final,LLP: Large Language Problems__qwen3.5-9b__llp-final,clem_indomain,dond,semi_en,instance_00000,games_final/clem_indomain/LLP: Large Language Problems__qwen3.5-9b__llp-final/dond/semi_en/instance_00000/interactions.json
qwen27b__dond__semi_en__instance_00000,qwen27b,qwen3.5-27b,qwen3.5-27b,clem_indomain,dond,semi_en,instance_00000,games_final/clem_indomain/qwen3.5-27b/dond/semi_en/instance_00000/interactions.json
cityuol2b__dond__semi_en__instance_00002,cityuol2b,CityUoL__qwen3.5-2b__Qwen-GuidePlay-2B-v1,CityUoL__qwen3.5-2b__Qwen-GuidePlay-2B-v1,clem_indomain,dond,semi_en,instance_00002,games_final/clem_indomain/CityUoL__qwen3.5-2b__Qwen-GuidePlay-2B-v1/dond/semi_en/instance_00002/interactions.json
dair2b__dond__semi_en__instance_00002,dair2b,DAIR__qwen3.5-2b__sft-dpo-v2,DAIR__qwen3.5-2b__sft-dpo-v2,clem_indomain,dond,semi_en,instance_00002,games_final/clem_indomain/DAIR__qwen3.5-2b__sft-dpo-v2/dond/semi_en/instance_00002/interactions.json
llp9b__dond__semi_en__instance_00002,llp9b,LLP: Large Language Problems__qwen3.5-9b__llp-final,LLP: Large Language Problems__qwen3.5-9b__llp-final,clem_indomain,dond,semi_en,instance_00002,games_final/clem_indomain/LLP: Large Language Problems__qwen3.5-9b__llp-final/dond/semi_en/instance_00002/interactions.json
qwen27b__dond__semi_en__instance_00002,qwen27b,qwen3.5-27b,qwen3.5-27b,clem_indomain,dond,semi_en,instance_00002,games_final/clem_indomain/qwen3.5-27b/dond/semi_en/instance_00002/interactions.json
cityuol2b__dond__semi_en__instance_00008,cityuol2b,CityUoL__qwen3.5-2b__Qwen-GuidePlay-2B-v1,CityUoL__qwen3.5-2b__Qwen-GuidePlay-2B-v1,clem_indomain,dond,semi_en,instance_00008,games_final/clem_indomain/CityUoL__qwen3.5-2b__Qwen-GuidePlay-2B-v1/dond/semi_en/instance_00008/interactions.json
dair2b__dond__semi_en__instance_00008,dair2b,DAIR__qwen3.5-2b__sft-dpo-v2,DAIR__qwen3.5-2b__sft-dpo-v2,clem_indomain,dond,semi_en,instance_00008,games_final/clem_indomain/DAIR__qwen3.5-2b__sft-dpo-v2/dond/semi_en/instance_00008/interactions.json
llp9b__dond__semi_en__instance_00008,llp9b,LLP: Large Language Problems__qwen3.5-9b__llp-final,LLP: Large Language Problems__qwen3.5-9b__llp-final,clem_indomain,dond,semi_en,instance_00008,games_final/clem_indomain/LLP: Large Language Problems__qwen3.5-9b__llp-final/dond/semi_en/instance_00008/interactions.json
qwen27b__dond__semi_en__instance_00008,qwen27b,qwen3.5-27b,qwen3.5-27b,clem_indomain,dond,semi_en,instance_00008,games_final/clem_indomain/qwen3.5-27b/dond/semi_en/instance_00008/interactions.json
cityuol2b__dond__semi_en__instance_00010,cityuol2b,CityUoL__qwen3.5-2b__Qwen-GuidePlay-2B-v1,CityUoL__qwen3.5-2b__Qwen-GuidePlay-2B-v1,clem_indomain,dond,semi_en,instance_00010,games_final/clem_indomain/CityUoL__qwen3.5-2b__Qwen-GuidePlay-2B-v1/dond/semi_en/instance_00010/interactions.json
dair2b__dond__semi_en__instance_00010,dair2b,DAIR__qwen3.5-2b__sft-dpo-v2,DAIR__qwen3.5-2b__sft-dpo-v2,clem_indomain,dond,semi_en,instance_00010,games_final/clem_indomain/DAIR__qwen3.5-2b__sft-dpo-v2/dond/semi_en/instance_00010/interactions.json
llp9b__dond__semi_en__instance_00010,llp9b,LLP: Large Language Problems__qwen3.5-9b__llp-final,LLP: Large Language Problems__qwen3.5-9b__llp-final,clem_indomain,dond,semi_en,instance_00010,games_final/clem_indomain/LLP: Large Language Problems__qwen3.5-9b__llp-final/dond/semi_en/instance_00010/interactions.json
qwen27b__dond__semi_en__instance_00010,qwen27b,qwen3.5-27b,qwen3.5-27b,clem_indomain,dond,semi_en,instance_00010,games_final/clem_indomain/qwen3.5-27b/dond/semi_en/instance_00010/interactions.json
cityuol2b__dond__semi_en__instance_00011,cityuol2b,CityUoL__qwen3.5-2b__Qwen-GuidePlay-2B-v1,CityUoL__qwen3.5-2b__Qwen-GuidePlay-2B-v1,clem_indomain,dond,semi_en,instance_00011,games_final/clem_indomain/CityUoL__qwen3.5-2b__Qwen-GuidePlay-2B-v1/dond/semi_en/instance_00011/interactions.json
dair2b__dond__semi_en__instance_00011,dair2b,DAIR__qwen3.5-2b__sft-dpo-v2,DAIR__qwen3.5-2b__sft-dpo-v2,clem_indomain,dond,semi_en,instance_00011,games_final/clem_indomain/DAIR__qwen3.5-2b__sft-dpo-v2/dond/semi_en/instance_00011/interactions.json
llp9b__dond__semi_en__instance_00011,llp9b,LLP: Large Language Problems__qwen3.5-9b__llp-final,LLP: Large Language Problems__qwen3.5-9b__llp-final,clem_indomain,dond,semi_en,instance_00011,games_final/clem_indomain/LLP: Large Language Problems__qwen3.5-9b__llp-final/dond/semi_en/instance_00011/interactions.json
qwen27b__dond__semi_en__instance_00011,qwen27b,qwen3.5-27b,qwen3.5-27b,clem_indomain,dond,semi_en,instance_00011,games_final/clem_indomain/qwen3.5-27b/dond/semi_en/instance_00011/interactions.json
cityuol2b__dond__semi_en__instance_00018,cityuol2b,CityUoL__qwen3.5-2b__Qwen-GuidePlay-2B-v1,CityUoL__qwen3.5-2b__Qwen-GuidePlay-2B-v1,clem_indomain,dond,semi_en,instance_00018,games_final/clem_indomain/CityUoL__qwen3.5-2b__Qwen-GuidePlay-2B-v1/dond/semi_en/instance_00018/interactions.json
dair2b__dond__semi_en__instance_00018,dair2b,DAIR__qwen3.5-2b__sft-dpo-v2,DAIR__qwen3.5-2b__sft-dpo-v2,clem_indomain,dond,semi_en,instance_00018,games_final/clem_indomain/DAIR__qwen3.5-2b__sft-dpo-v2/dond/semi_en/instance_00018/interactions.json
llp9b__dond__semi_en__instance_00018,llp9b,LLP: Large Language Problems__qwen3.5-9b__llp-final,LLP: Large Language Problems__qwen3.5-9b__llp-final,clem_indomain,dond,semi_en,instance_00018,games_final/clem_indomain/LLP: Large Language Problems__qwen3.5-9b__llp-final/dond/semi_en/instance_00018/interactions.json
qwen27b__dond__semi_en__instance_00018,qwen27b,qwen3.5-27b,qwen3.5-27b,clem_indomain,dond,semi_en,instance_00018,games_final/clem_indomain/qwen3.5-27b/dond/semi_en/instance_00018/interactions.json
cityuol2b__guesswhat__Abs_Level_1__instance_00000,cityuol2b,CityUoL__qwen3.5-2b__Qwen-GuidePlay-2B-v1,CityUoL__qwen3.5-2b__Qwen-GuidePlay-2B-v1,clem_indomain,guesswhat,Abs_Level_1,instance_00000,games_final/clem_indomain/CityUoL__qwen3.5-2b__Qwen-GuidePlay-2B-v1/guesswhat/Abs_Level_1/instance_00000/interactions.json
dair2b__guesswhat__Abs_Level_1__instance_00000,dair2b,DAIR__qwen3.5-2b__sft-dpo-v2,DAIR__qwen3.5-2b__sft-dpo-v2,clem_indomain,guesswhat,Abs_Level_1,instance_00000,games_final/clem_indomain/DAIR__qwen3.5-2b__sft-dpo-v2/guesswhat/Abs_Level_1/instance_00000/interactions.json
llp9b__guesswhat__Abs_Level_1__instance_00000,llp9b,LLP: Large Language Problems__qwen3.5-9b__llp-final,LLP: Large Language Problems__qwen3.5-9b__llp-final,clem_indomain,guesswhat,Abs_Level_1,instance_00000,games_final/clem_indomain/LLP: Large Language Problems__qwen3.5-9b__llp-final/guesswhat/Abs_Level_1/instance_00000/interactions.json
qwen27b__guesswhat__Abs_Level_1__instance_00000,qwen27b,qwen3.5-27b,qwen3.5-27b,clem_indomain,guesswhat,Abs_Level_1,instance_00000,games_final/clem_indomain/qwen3.5-27b/guesswhat/Abs_Level_1/instance_00000/interactions.json
cityuol2b__guesswhat__Abs_Level_1__instance_00001,cityuol2b,CityUoL__qwen3.5-2b__Qwen-GuidePlay-2B-v1,CityUoL__qwen3.5-2b__Qwen-GuidePlay-2B-v1,clem_indomain,guesswhat,Abs_Level_1,instance_00001,games_final/clem_indomain/CityUoL__qwen3.5-2b__Qwen-GuidePlay-2B-v1/guesswhat/Abs_Level_1/instance_00001/interactions.json
dair2b__guesswhat__Abs_Level_1__instance_00001,dair2b,DAIR__qwen3.5-2b__sft-dpo-v2,DAIR__qwen3.5-2b__sft-dpo-v2,clem_indomain,guesswhat,Abs_Level_1,instance_00001,games_final/clem_indomain/DAIR__qwen3.5-2b__sft-dpo-v2/guesswhat/Abs_Level_1/instance_00001/interactions.json
llp9b__guesswhat__Abs_Level_1__instance_00001,llp9b,LLP: Large Language Problems__qwen3.5-9b__llp-final,LLP: Large Language Problems__qwen3.5-9b__llp-final,clem_indomain,guesswhat,Abs_Level_1,instance_00001,games_final/clem_indomain/LLP: Large Language Problems__qwen3.5-9b__llp-final/guesswhat/Abs_Level_1/instance_00001/interactions.json
qwen27b__guesswhat__Abs_Level_1__instance_00001,qwen27b,qwen3.5-27b,qwen3.5-27b,clem_indomain,guesswhat,Abs_Level_1,instance_00001,games_final/clem_indomain/qwen3.5-27b/guesswhat/Abs_Level_1/instance_00001/interactions.json
cityuol2b__guesswhat__Abs_Level_1__instance_00005,cityuol2b,CityUoL__qwen3.5-2b__Qwen-GuidePlay-2B-v1,CityUoL__qwen3.5-2b__Qwen-GuidePlay-2B-v1,clem_indomain,guesswhat,Abs_Level_1,instance_00005,games_final/clem_indomain/CityUoL__qwen3.5-2b__Qwen-GuidePlay-2B-v1/guesswhat/Abs_Level_1/instance_00005/interactions.json
dair2b__guesswhat__Abs_Level_1__instance_00005,dair2b,DAIR__qwen3.5-2b__sft-dpo-v2,DAIR__qwen3.5-2b__sft-dpo-v2,clem_indomain,guesswhat,Abs_Level_1,instance_00005,games_final/clem_indomain/DAIR__qwen3.5-2b__sft-dpo-v2/guesswhat/Abs_Level_1/instance_00005/interactions.json
llp9b__guesswhat__Abs_Level_1__instance_00005,llp9b,LLP: Large Language Problems__qwen3.5-9b__llp-final,LLP: Large Language Problems__qwen3.5-9b__llp-final,clem_indomain,guesswhat,Abs_Level_1,instance_00005,games_final/clem_indomain/LLP: Large Language Problems__qwen3.5-9b__llp-final/guesswhat/Abs_Level_1/instance_00005/interactions.json
qwen27b__guesswhat__Abs_Level_1__instance_00005,qwen27b,qwen3.5-27b,qwen3.5-27b,clem_indomain,guesswhat,Abs_Level_1,instance_00005,games_final/clem_indomain/qwen3.5-27b/guesswhat/Abs_Level_1/instance_00005/interactions.json
cityuol2b__guesswhat__Abs_Level_2__instance_00003,cityuol2b,CityUoL__qwen3.5-2b__Qwen-GuidePlay-2B-v1,CityUoL__qwen3.5-2b__Qwen-GuidePlay-2B-v1,clem_indomain,guesswhat,Abs_Level_2,instance_00003,games_final/clem_indomain/CityUoL__qwen3.5-2b__Qwen-GuidePlay-2B-v1/guesswhat/Abs_Level_2/instance_00003/interactions.json
dair2b__guesswhat__Abs_Level_2__instance_00003,dair2b,DAIR__qwen3.5-2b__sft-dpo-v2,DAIR__qwen3.5-2b__sft-dpo-v2,clem_indomain,guesswhat,Abs_Level_2,instance_00003,games_final/clem_indomain/DAIR__qwen3.5-2b__sft-dpo-v2/guesswhat/Abs_Level_2/instance_00003/interactions.json
llp9b__guesswhat__Abs_Level_2__instance_00003,llp9b,LLP: Large Language Problems__qwen3.5-9b__llp-final,LLP: Large Language Problems__qwen3.5-9b__llp-final,clem_indomain,guesswhat,Abs_Level_2,instance_00003,games_final/clem_indomain/LLP: Large Language Problems__qwen3.5-9b__llp-final/guesswhat/Abs_Level_2/instance_00003/interactions.json
qwen27b__guesswhat__Abs_Level_2__instance_00003,qwen27b,qwen3.5-27b,qwen3.5-27b,clem_indomain,guesswhat,Abs_Level_2,instance_00003,games_final/clem_indomain/qwen3.5-27b/guesswhat/Abs_Level_2/instance_00003/interactions.json
cityuol2b__guesswhat__Abs_Level_2__instance_00007,cityuol2b,CityUoL__qwen3.5-2b__Qwen-GuidePlay-2B-v1,CityUoL__qwen3.5-2b__Qwen-GuidePlay-2B-v1,clem_indomain,guesswhat,Abs_Level_2,instance_00007,games_final/clem_indomain/CityUoL__qwen3.5-2b__Qwen-GuidePlay-2B-v1/guesswhat/Abs_Level_2/instance_00007/interactions.json
dair2b__guesswhat__Abs_Level_2__instance_00007,dair2b,DAIR__qwen3.5-2b__sft-dpo-v2,DAIR__qwen3.5-2b__sft-dpo-v2,clem_indomain,guesswhat,Abs_Level_2,instance_00007,games_final/clem_indomain/DAIR__qwen3.5-2b__sft-dpo-v2/guesswhat/Abs_Level_2/instance_00007/interactions.json
llp9b__guesswhat__Abs_Level_2__instance_00007,llp9b,LLP: Large Language Problems__qwen3.5-9b__llp-final,LLP: Large Language Problems__qwen3.5-9b__llp-final,clem_indomain,guesswhat,Abs_Level_2,instance_00007,games_final/clem_indomain/LLP: Large Language Problems__qwen3.5-9b__llp-final/guesswhat/Abs_Level_2/instance_00007/interactions.json
qwen27b__guesswhat__Abs_Level_2__instance_00007,qwen27b,qwen3.5-27b,qwen3.5-27b,clem_indomain,guesswhat,Abs_Level_2,instance_00007,games_final/clem_indomain/qwen3.5-27b/guesswhat/Abs_Level_2/instance_00007/interactions.json
cityuol2b__guesswhat__Abs_Level_3__instance_00001,cityuol2b,CityUoL__qwen3.5-2b__Qwen-GuidePlay-2B-v1,CityUoL__qwen3.5-2b__Qwen-GuidePlay-2B-v1,clem_indomain,guesswhat,Abs_Level_3,instance_00001,games_final/clem_indomain/CityUoL__qwen3.5-2b__Qwen-GuidePlay-2B-v1/guesswhat/Abs_Level_3/instance_00001/interactions.json
dair2b__guesswhat__Abs_Level_3__instance_00001,dair2b,DAIR__qwen3.5-2b__sft-dpo-v2,DAIR__qwen3.5-2b__sft-dpo-v2,clem_indomain,guesswhat,Abs_Level_3,instance_00001,games_final/clem_indomain/DAIR__qwen3.5-2b__sft-dpo-v2/guesswhat/Abs_Level_3/instance_00001/interactions.json
llp9b__guesswhat__Abs_Level_3__instance_00001,llp9b,LLP: Large Language Problems__qwen3.5-9b__llp-final,LLP: Large Language Problems__qwen3.5-9b__llp-final,clem_indomain,guesswhat,Abs_Level_3,instance_00001,games_final/clem_indomain/LLP: Large Language Problems__qwen3.5-9b__llp-final/guesswhat/Abs_Level_3/instance_00001/interactions.json
qwen27b__guesswhat__Abs_Level_3__instance_00001,qwen27b,qwen3.5-27b,qwen3.5-27b,clem_indomain,guesswhat,Abs_Level_3,instance_00001,games_final/clem_indomain/qwen3.5-27b/guesswhat/Abs_Level_3/instance_00001/interactions.json
cityuol2b__guesswhat__Abs_Level_3__instance_00007,cityuol2b,CityUoL__qwen3.5-2b__Qwen-GuidePlay-2B-v1,CityUoL__qwen3.5-2b__Qwen-GuidePlay-2B-v1,clem_indomain,guesswhat,Abs_Level_3,instance_00007,games_final/clem_indomain/CityUoL__qwen3.5-2b__Qwen-GuidePlay-2B-v1/guesswhat/Abs_Level_3/instance_00007/interactions.json
dair2b__guesswhat__Abs_Level_3__instance_00007,dair2b,DAIR__qwen3.5-2b__sft-dpo-v2,DAIR__qwen3.5-2b__sft-dpo-v2,clem_indomain,guesswhat,Abs_Level_3,instance_00007,games_final/clem_indomain/DAIR__qwen3.5-2b__sft-dpo-v2/guesswhat/Abs_Level_3/instance_00007/interactions.json
llp9b__guesswhat__Abs_Level_3__instance_00007,llp9b,LLP: Large Language Problems__qwen3.5-9b__llp-final,LLP: Large Language Problems__qwen3.5-9b__llp-final,clem_indomain,guesswhat,Abs_Level_3,instance_00007,games_final/clem_indomain/LLP: Large Language Problems__qwen3.5-9b__llp-final/guesswhat/Abs_Level_3/instance_00007/interactions.json
qwen27b__guesswhat__Abs_Level_3__instance_00007,qwen27b,qwen3.5-27b,qwen3.5-27b,clem_indomain,guesswhat,Abs_Level_3,instance_00007,games_final/clem_indomain/qwen3.5-27b/guesswhat/Abs_Level_3/instance_00007/interactions.json
cityuol2b__guesswhat__Level_1__instance_00000,cityuol2b,CityUoL__qwen3.5-2b__Qwen-GuidePlay-2B-v1,CityUoL__qwen3.5-2b__Qwen-GuidePlay-2B-v1,clem_indomain,guesswhat,Level_1,instance_00000,games_final/clem_indomain/CityUoL__qwen3.5-2b__Qwen-GuidePlay-2B-v1/guesswhat/Level_1/instance_00000/interactions.json
dair2b__guesswhat__Level_1__instance_00000,dair2b,DAIR__qwen3.5-2b__sft-dpo-v2,DAIR__qwen3.5-2b__sft-dpo-v2,clem_indomain,guesswhat,Level_1,instance_00000,games_final/clem_indomain/DAIR__qwen3.5-2b__sft-dpo-v2/guesswhat/Level_1/instance_00000/interactions.json
llp9b__guesswhat__Level_1__instance_00000,llp9b,LLP: Large Language Problems__qwen3.5-9b__llp-final,LLP: Large Language Problems__qwen3.5-9b__llp-final,clem_indomain,guesswhat,Level_1,instance_00000,games_final/clem_indomain/LLP: Large Language Problems__qwen3.5-9b__llp-final/guesswhat/Level_1/instance_00000/interactions.json
qwen27b__guesswhat__Level_1__instance_00000,qwen27b,qwen3.5-27b,qwen3.5-27b,clem_indomain,guesswhat,Level_1,instance_00000,games_final/clem_indomain/qwen3.5-27b/guesswhat/Level_1/instance_00000/interactions.json
cityuol2b__guesswhat__Level_1__instance_00007,cityuol2b,CityUoL__qwen3.5-2b__Qwen-GuidePlay-2B-v1,CityUoL__qwen3.5-2b__Qwen-GuidePlay-2B-v1,clem_indomain,guesswhat,Level_1,instance_00007,games_final/clem_indomain/CityUoL__qwen3.5-2b__Qwen-GuidePlay-2B-v1/guesswhat/Level_1/instance_00007/interactions.json
dair2b__guesswhat__Level_1__instance_00007,dair2b,DAIR__qwen3.5-2b__sft-dpo-v2,DAIR__qwen3.5-2b__sft-dpo-v2,clem_indomain,guesswhat,Level_1,instance_00007,games_final/clem_indomain/DAIR__qwen3.5-2b__sft-dpo-v2/guesswhat/Level_1/instance_00007/interactions.json
llp9b__guesswhat__Level_1__instance_00007,llp9b,LLP: Large Language Problems__qwen3.5-9b__llp-final,LLP: Large Language Problems__qwen3.5-9b__llp-final,clem_indomain,guesswhat,Level_1,instance_00007,games_final/clem_indomain/LLP: Large Language Problems__qwen3.5-9b__llp-final/guesswhat/Level_1/instance_00007/interactions.json
qwen27b__guesswhat__Level_1__instance_00007,qwen27b,qwen3.5-27b,qwen3.5-27b,clem_indomain,guesswhat,Level_1,instance_00007,games_final/clem_indomain/qwen3.5-27b/guesswhat/Level_1/instance_00007/interactions.json
cityuol2b__guesswhat__Level_2__instance_00007,cityuol2b,CityUoL__qwen3.5-2b__Qwen-GuidePlay-2B-v1,CityUoL__qwen3.5-2b__Qwen-GuidePlay-2B-v1,clem_indomain,guesswhat,Level_2,instance_00007,games_final/clem_indomain/CityUoL__qwen3.5-2b__Qwen-GuidePlay-2B-v1/guesswhat/Level_2/instance_00007/interactions.json
dair2b__guesswhat__Level_2__instance_00007,dair2b,DAIR__qwen3.5-2b__sft-dpo-v2,DAIR__qwen3.5-2b__sft-dpo-v2,clem_indomain,guesswhat,Level_2,instance_00007,games_final/clem_indomain/DAIR__qwen3.5-2b__sft-dpo-v2/guesswhat/Level_2/instance_00007/interactions.json
llp9b__guesswhat__Level_2__instance_00007,llp9b,LLP: Large Language Problems__qwen3.5-9b__llp-final,LLP: Large Language Problems__qwen3.5-9b__llp-final,clem_indomain,guesswhat,Level_2,instance_00007,games_final/clem_indomain/LLP: Large Language Problems__qwen3.5-9b__llp-final/guesswhat/Level_2/instance_00007/interactions.json
qwen27b__guesswhat__Level_2__instance_00007,qwen27b,qwen3.5-27b,qwen3.5-27b,clem_indomain,guesswhat,Level_2,instance_00007,games_final/clem_indomain/qwen3.5-27b/guesswhat/Level_2/instance_00007/interactions.json
cityuol2b__guesswhat__Level_2__instance_00008,cityuol2b,CityUoL__qwen3.5-2b__Qwen-GuidePlay-2B-v1,CityUoL__qwen3.5-2b__Qwen-GuidePlay-2B-v1,clem_indomain,guesswhat,Level_2,instance_00008,games_final/clem_indomain/CityUoL__qwen3.5-2b__Qwen-GuidePlay-2B-v1/guesswhat/Level_2/instance_00008/interactions.json
dair2b__guesswhat__Level_2__instance_00008,dair2b,DAIR__qwen3.5-2b__sft-dpo-v2,DAIR__qwen3.5-2b__sft-dpo-v2,clem_indomain,guesswhat,Level_2,instance_00008,games_final/clem_indomain/DAIR__qwen3.5-2b__sft-dpo-v2/guesswhat/Level_2/instance_00008/interactions.json
llp9b__guesswhat__Level_2__instance_00008,llp9b,LLP: Large Language Problems__qwen3.5-9b__llp-final,LLP: Large Language Problems__qwen3.5-9b__llp-final,clem_indomain,guesswhat,Level_2,instance_00008,games_final/clem_indomain/LLP: Large Language Problems__qwen3.5-9b__llp-final/guesswhat/Level_2/instance_00008/interactions.json
qwen27b__guesswhat__Level_2__instance_00008,qwen27b,qwen3.5-27b,qwen3.5-27b,clem_indomain,guesswhat,Level_2,instance_00008,games_final/clem_indomain/qwen3.5-27b/guesswhat/Level_2/instance_00008/interactions.json
cityuol2b__guesswhat__Level_3__instance_00002,cityuol2b,CityUoL__qwen3.5-2b__Qwen-GuidePlay-2B-v1,CityUoL__qwen3.5-2b__Qwen-GuidePlay-2B-v1,clem_indomain,guesswhat,Level_3,instance_00002,games_final/clem_indomain/CityUoL__qwen3.5-2b__Qwen-GuidePlay-2B-v1/guesswhat/Level_3/instance_00002/interactions.json
dair2b__guesswhat__Level_3__instance_00002,dair2b,DAIR__qwen3.5-2b__sft-dpo-v2,DAIR__qwen3.5-2b__sft-dpo-v2,clem_indomain,guesswhat,Level_3,instance_00002,games_final/clem_indomain/DAIR__qwen3.5-2b__sft-dpo-v2/guesswhat/Level_3/instance_00002/interactions.json
llp9b__guesswhat__Level_3__instance_00002,llp9b,LLP: Large Language Problems__qwen3.5-9b__llp-final,LLP: Large Language Problems__qwen3.5-9b__llp-final,clem_indomain,guesswhat,Level_3,instance_00002,games_final/clem_indomain/LLP: Large Language Problems__qwen3.5-9b__llp-final/guesswhat/Level_3/instance_00002/interactions.json
qwen27b__guesswhat__Level_3__instance_00002,qwen27b,qwen3.5-27b,qwen3.5-27b,clem_indomain,guesswhat,Level_3,instance_00002,games_final/clem_indomain/qwen3.5-27b/guesswhat/Level_3/instance_00002/interactions.json
cityuol2b__guesswhat__Level_3__instance_00008,cityuol2b,CityUoL__qwen3.5-2b__Qwen-GuidePlay-2B-v1,CityUoL__qwen3.5-2b__Qwen-GuidePlay-2B-v1,clem_indomain,guesswhat,Level_3,instance_00008,games_final/clem_indomain/CityUoL__qwen3.5-2b__Qwen-GuidePlay-2B-v1/guesswhat/Level_3/instance_00008/interactions.json
dair2b__guesswhat__Level_3__instance_00008,dair2b,DAIR__qwen3.5-2b__sft-dpo-v2,DAIR__qwen3.5-2b__sft-dpo-v2,clem_indomain,guesswhat,Level_3,instance_00008,games_final/clem_indomain/DAIR__qwen3.5-2b__sft-dpo-v2/guesswhat/Level_3/instance_00008/interactions.json
llp9b__guesswhat__Level_3__instance_00008,llp9b,LLP: Large Language Problems__qwen3.5-9b__llp-final,LLP: Large Language Problems__qwen3.5-9b__llp-final,clem_indomain,guesswhat,Level_3,instance_00008,games_final/clem_indomain/LLP: Large Language Problems__qwen3.5-9b__llp-final/guesswhat/Level_3/instance_00008/interactions.json
qwen27b__guesswhat__Level_3__instance_00008,qwen27b,qwen3.5-27b,qwen3.5-27b,clem_indomain,guesswhat,Level_3,instance_00008,games_final/clem_indomain/qwen3.5-27b/guesswhat/Level_3/instance_00008/interactions.json
cityuol2b__imagegame__compact_grids__instance_00003,cityuol2b,CityUoL__qwen3.5-2b__Qwen-GuidePlay-2B-v1,CityUoL__qwen3.5-2b__Qwen-GuidePlay-2B-v1,clem_indomain,imagegame,compact_grids,instance_00003,games_final/clem_indomain/CityUoL__qwen3.5-2b__Qwen-GuidePlay-2B-v1/imagegame/compact_grids/instance_00003/interactions.json
dair2b__imagegame__compact_grids__instance_00003,dair2b,DAIR__qwen3.5-2b__sft-dpo-v2,DAIR__qwen3.5-2b__sft-dpo-v2,clem_indomain,imagegame,compact_grids,instance_00003,games_final/clem_indomain/DAIR__qwen3.5-2b__sft-dpo-v2/imagegame/compact_grids/instance_00003/interactions.json
llp9b__imagegame__compact_grids__instance_00003,llp9b,LLP: Large Language Problems__qwen3.5-9b__llp-final,LLP: Large Language Problems__qwen3.5-9b__llp-final,clem_indomain,imagegame,compact_grids,instance_00003,games_final/clem_indomain/LLP: Large Language Problems__qwen3.5-9b__llp-final/imagegame/compact_grids/instance_00003/interactions.json
qwen27b__imagegame__compact_grids__instance_00003,qwen27b,qwen3.5-27b,qwen3.5-27b,clem_indomain,imagegame,compact_grids,instance_00003,games_final/clem_indomain/qwen3.5-27b/imagegame/compact_grids/instance_00003/interactions.json
cityuol2b__imagegame__compact_grids__instance_00005,cityuol2b,CityUoL__qwen3.5-2b__Qwen-GuidePlay-2B-v1,CityUoL__qwen3.5-2b__Qwen-GuidePlay-2B-v1,clem_indomain,imagegame,compact_grids,instance_00005,games_final/clem_indomain/CityUoL__qwen3.5-2b__Qwen-GuidePlay-2B-v1/imagegame/compact_grids/instance_00005/interactions.json
dair2b__imagegame__compact_grids__instance_00005,dair2b,DAIR__qwen3.5-2b__sft-dpo-v2,DAIR__qwen3.5-2b__sft-dpo-v2,clem_indomain,imagegame,compact_grids,instance_00005,games_final/clem_indomain/DAIR__qwen3.5-2b__sft-dpo-v2/imagegame/compact_grids/instance_00005/interactions.json
llp9b__imagegame__compact_grids__instance_00005,llp9b,LLP: Large Language Problems__qwen3.5-9b__llp-final,LLP: Large Language Problems__qwen3.5-9b__llp-final,clem_indomain,imagegame,compact_grids,instance_00005,games_final/clem_indomain/LLP: Large Language Problems__qwen3.5-9b__llp-final/imagegame/compact_grids/instance_00005/interactions.json
qwen27b__imagegame__compact_grids__instance_00005,qwen27b,qwen3.5-27b,qwen3.5-27b,clem_indomain,imagegame,compact_grids,instance_00005,games_final/clem_indomain/qwen3.5-27b/imagegame/compact_grids/instance_00005/interactions.json
cityuol2b__imagegame__compact_grids__instance_00007,cityuol2b,CityUoL__qwen3.5-2b__Qwen-GuidePlay-2B-v1,CityUoL__qwen3.5-2b__Qwen-GuidePlay-2B-v1,clem_indomain,imagegame,compact_grids,instance_00007,games_final/clem_indomain/CityUoL__qwen3.5-2b__Qwen-GuidePlay-2B-v1/imagegame/compact_grids/instance_00007/interactions.json
dair2b__imagegame__compact_grids__instance_00007,dair2b,DAIR__qwen3.5-2b__sft-dpo-v2,DAIR__qwen3.5-2b__sft-dpo-v2,clem_indomain,imagegame,compact_grids,instance_00007,games_final/clem_indomain/DAIR__qwen3.5-2b__sft-dpo-v2/imagegame/compact_grids/instance_00007/interactions.json
llp9b__imagegame__compact_grids__instance_00007,llp9b,LLP: Large Language Problems__qwen3.5-9b__llp-final,LLP: Large Language Problems__qwen3.5-9b__llp-final,clem_indomain,imagegame,compact_grids,instance_00007,games_final/clem_indomain/LLP: Large Language Problems__qwen3.5-9b__llp-final/imagegame/compact_grids/instance_00007/interactions.json
qwen27b__imagegame__compact_grids__instance_00007,qwen27b,qwen3.5-27b,qwen3.5-27b,clem_indomain,imagegame,compact_grids,instance_00007,games_final/clem_indomain/qwen3.5-27b/imagegame/compact_grids/instance_00007/interactions.json
cityuol2b__imagegame__compact_grids__instance_00008,cityuol2b,CityUoL__qwen3.5-2b__Qwen-GuidePlay-2B-v1,CityUoL__qwen3.5-2b__Qwen-GuidePlay-2B-v1,clem_indomain,imagegame,compact_grids,instance_00008,games_final/clem_indomain/CityUoL__qwen3.5-2b__Qwen-GuidePlay-2B-v1/imagegame/compact_grids/instance_00008/interactions.json
dair2b__imagegame__compact_grids__instance_00008,dair2b,DAIR__qwen3.5-2b__sft-dpo-v2,DAIR__qwen3.5-2b__sft-dpo-v2,clem_indomain,imagegame,compact_grids,instance_00008,games_final/clem_indomain/DAIR__qwen3.5-2b__sft-dpo-v2/imagegame/compact_grids/instance_00008/interactions.json
llp9b__imagegame__compact_grids__instance_00008,llp9b,LLP: Large Language Problems__qwen3.5-9b__llp-final,LLP: Large Language Problems__qwen3.5-9b__llp-final,clem_indomain,imagegame,compact_grids,instance_00008,games_final/clem_indomain/LLP: Large Language Problems__qwen3.5-9b__llp-final/imagegame/compact_grids/instance_00008/interactions.json
qwen27b__imagegame__compact_grids__instance_00008,qwen27b,qwen3.5-27b,qwen3.5-27b,clem_indomain,imagegame,compact_grids,instance_00008,games_final/clem_indomain/qwen3.5-27b/imagegame/compact_grids/instance_00008/interactions.json
cityuol2b__imagegame__compact_grids__instance_00009,cityuol2b,CityUoL__qwen3.5-2b__Qwen-GuidePlay-2B-v1,CityUoL__qwen3.5-2b__Qwen-GuidePlay-2B-v1,clem_indomain,imagegame,compact_grids,instance_00009,games_final/clem_indomain/CityUoL__qwen3.5-2b__Qwen-GuidePlay-2B-v1/imagegame/compact_grids/instance_00009/interactions.json
dair2b__imagegame__compact_grids__instance_00009,dair2b,DAIR__qwen3.5-2b__sft-dpo-v2,DAIR__qwen3.5-2b__sft-dpo-v2,clem_indomain,imagegame,compact_grids,instance_00009,games_final/clem_indomain/DAIR__qwen3.5-2b__sft-dpo-v2/imagegame/compact_grids/instance_00009/interactions.json
llp9b__imagegame__compact_grids__instance_00009,llp9b,LLP: Large Language Problems__qwen3.5-9b__llp-final,LLP: Large Language Problems__qwen3.5-9b__llp-final,clem_indomain,imagegame,compact_grids,instance_00009,games_final/clem_indomain/LLP: Large Language Problems__qwen3.5-9b__llp-final/imagegame/compact_grids/instance_00009/interactions.json
qwen27b__imagegame__compact_grids__instance_00009,qwen27b,qwen3.5-27b,qwen3.5-27b,clem_indomain,imagegame,compact_grids,instance_00009,games_final/clem_indomain/qwen3.5-27b/imagegame/compact_grids/instance_00009/interactions.json
cityuol2b__imagegame__compact_grids__instance_00014,cityuol2b,CityUoL__qwen3.5-2b__Qwen-GuidePlay-2B-v1,CityUoL__qwen3.5-2b__Qwen-GuidePlay-2B-v1,clem_indomain,imagegame,compact_grids,instance_00014,games_final/clem_indomain/CityUoL__qwen3.5-2b__Qwen-GuidePlay-2B-v1/imagegame/compact_grids/instance_00014/interactions.json
dair2b__imagegame__compact_grids__instance_00014,dair2b,DAIR__qwen3.5-2b__sft-dpo-v2,DAIR__qwen3.5-2b__sft-dpo-v2,clem_indomain,imagegame,compact_grids,instance_00014,games_final/clem_indomain/DAIR__qwen3.5-2b__sft-dpo-v2/imagegame/compact_grids/instance_00014/interactions.json
llp9b__imagegame__compact_grids__instance_00014,llp9b,LLP: Large Language Problems__qwen3.5-9b__llp-final,LLP: Large Language Problems__qwen3.5-9b__llp-final,clem_indomain,imagegame,compact_grids,instance_00014,games_final/clem_indomain/LLP: Large Language Problems__qwen3.5-9b__llp-final/imagegame/compact_grids/instance_00014/interactions.json
qwen27b__imagegame__compact_grids__instance_00014,qwen27b,qwen3.5-27b,qwen3.5-27b,clem_indomain,imagegame,compact_grids,instance_00014,games_final/clem_indomain/qwen3.5-27b/imagegame/compact_grids/instance_00014/interactions.json
cityuol2b__imagegame__compact_grids__instance_00017,cityuol2b,CityUoL__qwen3.5-2b__Qwen-GuidePlay-2B-v1,CityUoL__qwen3.5-2b__Qwen-GuidePlay-2B-v1,clem_indomain,imagegame,compact_grids,instance_00017,games_final/clem_indomain/CityUoL__qwen3.5-2b__Qwen-GuidePlay-2B-v1/imagegame/compact_grids/instance_00017/interactions.json
dair2b__imagegame__compact_grids__instance_00017,dair2b,DAIR__qwen3.5-2b__sft-dpo-v2,DAIR__qwen3.5-2b__sft-dpo-v2,clem_indomain,imagegame,compact_grids,instance_00017,games_final/clem_indomain/DAIR__qwen3.5-2b__sft-dpo-v2/imagegame/compact_grids/instance_00017/interactions.json
llp9b__imagegame__compact_grids__instance_00017,llp9b,LLP: Large Language Problems__qwen3.5-9b__llp-final,LLP: Large Language Problems__qwen3.5-9b__llp-final,clem_indomain,imagegame,compact_grids,instance_00017,games_final/clem_indomain/LLP: Large Language Problems__qwen3.5-9b__llp-final/imagegame/compact_grids/instance_00017/interactions.json
qwen27b__imagegame__compact_grids__instance_00017,qwen27b,qwen3.5-27b,qwen3.5-27b,clem_indomain,imagegame,compact_grids,instance_00017,games_final/clem_indomain/qwen3.5-27b/imagegame/compact_grids/instance_00017/interactions.json
cityuol2b__imagegame__random_grids__instance_00001,cityuol2b,CityUoL__qwen3.5-2b__Qwen-GuidePlay-2B-v1,CityUoL__qwen3.5-2b__Qwen-GuidePlay-2B-v1,clem_indomain,imagegame,random_grids,instance_00001,games_final/clem_indomain/CityUoL__qwen3.5-2b__Qwen-GuidePlay-2B-v1/imagegame/random_grids/instance_00001/interactions.json
dair2b__imagegame__random_grids__instance_00001,dair2b,DAIR__qwen3.5-2b__sft-dpo-v2,DAIR__qwen3.5-2b__sft-dpo-v2,clem_indomain,imagegame,random_grids,instance_00001,games_final/clem_indomain/DAIR__qwen3.5-2b__sft-dpo-v2/imagegame/random_grids/instance_00001/interactions.json
llp9b__imagegame__random_grids__instance_00001,llp9b,LLP: Large Language Problems__qwen3.5-9b__llp-final,LLP: Large Language Problems__qwen3.5-9b__llp-final,clem_indomain,imagegame,random_grids,instance_00001,games_final/clem_indomain/LLP: Large Language Problems__qwen3.5-9b__llp-final/imagegame/random_grids/instance_00001/interactions.json
qwen27b__imagegame__random_grids__instance_00001,qwen27b,qwen3.5-27b,qwen3.5-27b,clem_indomain,imagegame,random_grids,instance_00001,games_final/clem_indomain/qwen3.5-27b/imagegame/random_grids/instance_00001/interactions.json
cityuol2b__imagegame__random_grids__instance_00004,cityuol2b,CityUoL__qwen3.5-2b__Qwen-GuidePlay-2B-v1,CityUoL__qwen3.5-2b__Qwen-GuidePlay-2B-v1,clem_indomain,imagegame,random_grids,instance_00004,games_final/clem_indomain/CityUoL__qwen3.5-2b__Qwen-GuidePlay-2B-v1/imagegame/random_grids/instance_00004/interactions.json
dair2b__imagegame__random_grids__instance_00004,dair2b,DAIR__qwen3.5-2b__sft-dpo-v2,DAIR__qwen3.5-2b__sft-dpo-v2,clem_indomain,imagegame,random_grids,instance_00004,games_final/clem_indomain/DAIR__qwen3.5-2b__sft-dpo-v2/imagegame/random_grids/instance_00004/interactions.json
llp9b__imagegame__random_grids__instance_00004,llp9b,LLP: Large Language Problems__qwen3.5-9b__llp-final,LLP: Large Language Problems__qwen3.5-9b__llp-final,clem_indomain,imagegame,random_grids,instance_00004,games_final/clem_indomain/LLP: Large Language Problems__qwen3.5-9b__llp-final/imagegame/random_grids/instance_00004/interactions.json
qwen27b__imagegame__random_grids__instance_00004,qwen27b,qwen3.5-27b,qwen3.5-27b,clem_indomain,imagegame,random_grids,instance_00004,games_final/clem_indomain/qwen3.5-27b/imagegame/random_grids/instance_00004/interactions.json
cityuol2b__imagegame__random_grids__instance_00006,cityuol2b,CityUoL__qwen3.5-2b__Qwen-GuidePlay-2B-v1,CityUoL__qwen3.5-2b__Qwen-GuidePlay-2B-v1,clem_indomain,imagegame,random_grids,instance_00006,games_final/clem_indomain/CityUoL__qwen3.5-2b__Qwen-GuidePlay-2B-v1/imagegame/random_grids/instance_00006/interactions.json
dair2b__imagegame__random_grids__instance_00006,dair2b,DAIR__qwen3.5-2b__sft-dpo-v2,DAIR__qwen3.5-2b__sft-dpo-v2,clem_indomain,imagegame,random_grids,instance_00006,games_final/clem_indomain/DAIR__qwen3.5-2b__sft-dpo-v2/imagegame/random_grids/instance_00006/interactions.json
llp9b__imagegame__random_grids__instance_00006,llp9b,LLP: Large Language Problems__qwen3.5-9b__llp-final,LLP: Large Language Problems__qwen3.5-9b__llp-final,clem_indomain,imagegame,random_grids,instance_00006,games_final/clem_indomain/LLP: Large Language Problems__qwen3.5-9b__llp-final/imagegame/random_grids/instance_00006/interactions.json
qwen27b__imagegame__random_grids__instance_00006,qwen27b,qwen3.5-27b,qwen3.5-27b,clem_indomain,imagegame,random_grids,instance_00006,games_final/clem_indomain/qwen3.5-27b/imagegame/random_grids/instance_00006/interactions.json
cityuol2b__imagegame__random_grids__instance_00012,cityuol2b,CityUoL__qwen3.5-2b__Qwen-GuidePlay-2B-v1,CityUoL__qwen3.5-2b__Qwen-GuidePlay-2B-v1,clem_indomain,imagegame,random_grids,instance_00012,games_final/clem_indomain/CityUoL__qwen3.5-2b__Qwen-GuidePlay-2B-v1/imagegame/random_grids/instance_00012/interactions.json
dair2b__imagegame__random_grids__instance_00012,dair2b,DAIR__qwen3.5-2b__sft-dpo-v2,DAIR__qwen3.5-2b__sft-dpo-v2,clem_indomain,imagegame,random_grids,instance_00012,games_final/clem_indomain/DAIR__qwen3.5-2b__sft-dpo-v2/imagegame/random_grids/instance_00012/interactions.json
llp9b__imagegame__random_grids__instance_00012,llp9b,LLP: Large Language Problems__qwen3.5-9b__llp-final,LLP: Large Language Problems__qwen3.5-9b__llp-final,clem_indomain,imagegame,random_grids,instance_00012,games_final/clem_indomain/LLP: Large Language Problems__qwen3.5-9b__llp-final/imagegame/random_grids/instance_00012/interactions.json
qwen27b__imagegame__random_grids__instance_00012,qwen27b,qwen3.5-27b,qwen3.5-27b,clem_indomain,imagegame,random_grids,instance_00012,games_final/clem_indomain/qwen3.5-27b/imagegame/random_grids/instance_00012/interactions.json
cityuol2b__imagegame__random_grids__instance_00015,cityuol2b,CityUoL__qwen3.5-2b__Qwen-GuidePlay-2B-v1,CityUoL__qwen3.5-2b__Qwen-GuidePlay-2B-v1,clem_indomain,imagegame,random_grids,instance_00015,games_final/clem_indomain/CityUoL__qwen3.5-2b__Qwen-GuidePlay-2B-v1/imagegame/random_grids/instance_00015/interactions.json
dair2b__imagegame__random_grids__instance_00015,dair2b,DAIR__qwen3.5-2b__sft-dpo-v2,DAIR__qwen3.5-2b__sft-dpo-v2,clem_indomain,imagegame,random_grids,instance_00015,games_final/clem_indomain/DAIR__qwen3.5-2b__sft-dpo-v2/imagegame/random_grids/instance_00015/interactions.json
llp9b__imagegame__random_grids__instance_00015,llp9b,LLP: Large Language Problems__qwen3.5-9b__llp-final,LLP: Large Language Problems__qwen3.5-9b__llp-final,clem_indomain,imagegame,random_grids,instance_00015,games_final/clem_indomain/LLP: Large Language Problems__qwen3.5-9b__llp-final/imagegame/random_grids/instance_00015/interactions.json
qwen27b__imagegame__random_grids__instance_00015,qwen27b,qwen3.5-27b,qwen3.5-27b,clem_indomain,imagegame,random_grids,instance_00015,games_final/clem_indomain/qwen3.5-27b/imagegame/random_grids/instance_00015/interactions.json
cityuol2b__imagegame__random_grids__instance_00016,cityuol2b,CityUoL__qwen3.5-2b__Qwen-GuidePlay-2B-v1,CityUoL__qwen3.5-2b__Qwen-GuidePlay-2B-v1,clem_indomain,imagegame,random_grids,instance_00016,games_final/clem_indomain/CityUoL__qwen3.5-2b__Qwen-GuidePlay-2B-v1/imagegame/random_grids/instance_00016/interactions.json
dair2b__imagegame__random_grids__instance_00016,dair2b,DAIR__qwen3.5-2b__sft-dpo-v2,DAIR__qwen3.5-2b__sft-dpo-v2,clem_indomain,imagegame,random_grids,instance_00016,games_final/clem_indomain/DAIR__qwen3.5-2b__sft-dpo-v2/imagegame/random_grids/instance_00016/interactions.json
llp9b__imagegame__random_grids__instance_00016,llp9b,LLP: Large Language Problems__qwen3.5-9b__llp-final,LLP: Large Language Problems__qwen3.5-9b__llp-final,clem_indomain,imagegame,random_grids,instance_00016,games_final/clem_indomain/LLP: Large Language Problems__qwen3.5-9b__llp-final/imagegame/random_grids/instance_00016/interactions.json
qwen27b__imagegame__random_grids__instance_00016,qwen27b,qwen3.5-27b,qwen3.5-27b,clem_indomain,imagegame,random_grids,instance_00016,games_final/clem_indomain/qwen3.5-27b/imagegame/random_grids/instance_00016/interactions.json
cityuol2b__privateshared__job-interview__instance_00001,cityuol2b,CityUoL__qwen3.5-2b__Qwen-GuidePlay-2B-v1,CityUoL__qwen3.5-2b__Qwen-GuidePlay-2B-v1,clem_indomain,privateshared,job-interview,instance_00001,games_final/clem_indomain/CityUoL__qwen3.5-2b__Qwen-GuidePlay-2B-v1/privateshared/job-interview/instance_00001/interactions.json
dair2b__privateshared__job-interview__instance_00001,dair2b,DAIR__qwen3.5-2b__sft-dpo-v2,DAIR__qwen3.5-2b__sft-dpo-v2,clem_indomain,privateshared,job-interview,instance_00001,games_final/clem_indomain/DAIR__qwen3.5-2b__sft-dpo-v2/privateshared/job-interview/instance_00001/interactions.json
llp9b__privateshared__job-interview__instance_00001,llp9b,LLP: Large Language Problems__qwen3.5-9b__llp-final,LLP: Large Language Problems__qwen3.5-9b__llp-final,clem_indomain,privateshared,job-interview,instance_00001,games_final/clem_indomain/LLP: Large Language Problems__qwen3.5-9b__llp-final/privateshared/job-interview/instance_00001/interactions.json
qwen27b__privateshared__job-interview__instance_00001,qwen27b,qwen3.5-27b,qwen3.5-27b,clem_indomain,privateshared,job-interview,instance_00001,games_final/clem_indomain/qwen3.5-27b/privateshared/job-interview/instance_00001/interactions.json
cityuol2b__privateshared__job-interview__instance_00002,cityuol2b,CityUoL__qwen3.5-2b__Qwen-GuidePlay-2B-v1,CityUoL__qwen3.5-2b__Qwen-GuidePlay-2B-v1,clem_indomain,privateshared,job-interview,instance_00002,games_final/clem_indomain/CityUoL__qwen3.5-2b__Qwen-GuidePlay-2B-v1/privateshared/job-interview/instance_00002/interactions.json
dair2b__privateshared__job-interview__instance_00002,dair2b,DAIR__qwen3.5-2b__sft-dpo-v2,DAIR__qwen3.5-2b__sft-dpo-v2,clem_indomain,privateshared,job-interview,instance_00002,games_final/clem_indomain/DAIR__qwen3.5-2b__sft-dpo-v2/privateshared/job-interview/instance_00002/interactions.json
llp9b__privateshared__job-interview__instance_00002,llp9b,LLP: Large Language Problems__qwen3.5-9b__llp-final,LLP: Large Language Problems__qwen3.5-9b__llp-final,clem_indomain,privateshared,job-interview,instance_00002,games_final/clem_indomain/LLP: Large Language Problems__qwen3.5-9b__llp-final/privateshared/job-interview/instance_00002/interactions.json
qwen27b__privateshared__job-interview__instance_00002,qwen27b,qwen3.5-27b,qwen3.5-27b,clem_indomain,privateshared,job-interview,instance_00002,games_final/clem_indomain/qwen3.5-27b/privateshared/job-interview/instance_00002/interactions.json
cityuol2b__privateshared__job-interview__instance_00008,cityuol2b,CityUoL__qwen3.5-2b__Qwen-GuidePlay-2B-v1,CityUoL__qwen3.5-2b__Qwen-GuidePlay-2B-v1,clem_indomain,privateshared,job-interview,instance_00008,games_final/clem_indomain/CityUoL__qwen3.5-2b__Qwen-GuidePlay-2B-v1/privateshared/job-interview/instance_00008/interactions.json
dair2b__privateshared__job-interview__instance_00008,dair2b,DAIR__qwen3.5-2b__sft-dpo-v2,DAIR__qwen3.5-2b__sft-dpo-v2,clem_indomain,privateshared,job-interview,instance_00008,games_final/clem_indomain/DAIR__qwen3.5-2b__sft-dpo-v2/privateshared/job-interview/instance_00008/interactions.json
llp9b__privateshared__job-interview__instance_00008,llp9b,LLP: Large Language Problems__qwen3.5-9b__llp-final,LLP: Large Language Problems__qwen3.5-9b__llp-final,clem_indomain,privateshared,job-interview,instance_00008,games_final/clem_indomain/LLP: Large Language Problems__qwen3.5-9b__llp-final/privateshared/job-interview/instance_00008/interactions.json
qwen27b__privateshared__job-interview__instance_00008,qwen27b,qwen3.5-27b,qwen3.5-27b,clem_indomain,privateshared,job-interview,instance_00008,games_final/clem_indomain/qwen3.5-27b/privateshared/job-interview/instance_00008/interactions.json
cityuol2b__privateshared__letter-number__instance_00000,cityuol2b,CityUoL__qwen3.5-2b__Qwen-GuidePlay-2B-v1,CityUoL__qwen3.5-2b__Qwen-GuidePlay-2B-v1,clem_indomain,privateshared,letter-number,instance_00000,games_final/clem_indomain/CityUoL__qwen3.5-2b__Qwen-GuidePlay-2B-v1/privateshared/letter-number/instance_00000/interactions.json
dair2b__privateshared__letter-number__instance_00000,dair2b,DAIR__qwen3.5-2b__sft-dpo-v2,DAIR__qwen3.5-2b__sft-dpo-v2,clem_indomain,privateshared,letter-number,instance_00000,games_final/clem_indomain/DAIR__qwen3.5-2b__sft-dpo-v2/privateshared/letter-number/instance_00000/interactions.json
llp9b__privateshared__letter-number__instance_00000,llp9b,LLP: Large Language Problems__qwen3.5-9b__llp-final,LLP: Large Language Problems__qwen3.5-9b__llp-final,clem_indomain,privateshared,letter-number,instance_00000,games_final/clem_indomain/LLP: Large Language Problems__qwen3.5-9b__llp-final/privateshared/letter-number/instance_00000/interactions.json
qwen27b__privateshared__letter-number__instance_00000,qwen27b,qwen3.5-27b,qwen3.5-27b,clem_indomain,privateshared,letter-number,instance_00000,games_final/clem_indomain/qwen3.5-27b/privateshared/letter-number/instance_00000/interactions.json
cityuol2b__privateshared__letter-number__instance_00004,cityuol2b,CityUoL__qwen3.5-2b__Qwen-GuidePlay-2B-v1,CityUoL__qwen3.5-2b__Qwen-GuidePlay-2B-v1,clem_indomain,privateshared,letter-number,instance_00004,games_final/clem_indomain/CityUoL__qwen3.5-2b__Qwen-GuidePlay-2B-v1/privateshared/letter-number/instance_00004/interactions.json
dair2b__privateshared__letter-number__instance_00004,dair2b,DAIR__qwen3.5-2b__sft-dpo-v2,DAIR__qwen3.5-2b__sft-dpo-v2,clem_indomain,privateshared,letter-number,instance_00004,games_final/clem_indomain/DAIR__qwen3.5-2b__sft-dpo-v2/privateshared/letter-number/instance_00004/interactions.json
llp9b__privateshared__letter-number__instance_00004,llp9b,LLP: Large Language Problems__qwen3.5-9b__llp-final,LLP: Large Language Problems__qwen3.5-9b__llp-final,clem_indomain,privateshared,letter-number,instance_00004,games_final/clem_indomain/LLP: Large Language Problems__qwen3.5-9b__llp-final/privateshared/letter-number/instance_00004/interactions.json
qwen27b__privateshared__letter-number__instance_00004,qwen27b,qwen3.5-27b,qwen3.5-27b,clem_indomain,privateshared,letter-number,instance_00004,games_final/clem_indomain/qwen3.5-27b/privateshared/letter-number/instance_00004/interactions.json
cityuol2b__privateshared__letter-number__instance_00009,cityuol2b,CityUoL__qwen3.5-2b__Qwen-GuidePlay-2B-v1,CityUoL__qwen3.5-2b__Qwen-GuidePlay-2B-v1,clem_indomain,privateshared,letter-number,instance_00009,games_final/clem_indomain/CityUoL__qwen3.5-2b__Qwen-GuidePlay-2B-v1/privateshared/letter-number/instance_00009/interactions.json
dair2b__privateshared__letter-number__instance_00009,dair2b,DAIR__qwen3.5-2b__sft-dpo-v2,DAIR__qwen3.5-2b__sft-dpo-v2,clem_indomain,privateshared,letter-number,instance_00009,games_final/clem_indomain/DAIR__qwen3.5-2b__sft-dpo-v2/privateshared/letter-number/instance_00009/interactions.json
llp9b__privateshared__letter-number__instance_00009,llp9b,LLP: Large Language Problems__qwen3.5-9b__llp-final,LLP: Large Language Problems__qwen3.5-9b__llp-final,clem_indomain,privateshared,letter-number,instance_00009,games_final/clem_indomain/LLP: Large Language Problems__qwen3.5-9b__llp-final/privateshared/letter-number/instance_00009/interactions.json
qwen27b__privateshared__letter-number__instance_00009,qwen27b,qwen3.5-27b,qwen3.5-27b,clem_indomain,privateshared,letter-number,instance_00009,games_final/clem_indomain/qwen3.5-27b/privateshared/letter-number/instance_00009/interactions.json
cityuol2b__privateshared__restaurant__instance_00003,cityuol2b,CityUoL__qwen3.5-2b__Qwen-GuidePlay-2B-v1,CityUoL__qwen3.5-2b__Qwen-GuidePlay-2B-v1,clem_indomain,privateshared,restaurant,instance_00003,games_final/clem_indomain/CityUoL__qwen3.5-2b__Qwen-GuidePlay-2B-v1/privateshared/restaurant/instance_00003/interactions.json
dair2b__privateshared__restaurant__instance_00003,dair2b,DAIR__qwen3.5-2b__sft-dpo-v2,DAIR__qwen3.5-2b__sft-dpo-v2,clem_indomain,privateshared,restaurant,instance_00003,games_final/clem_indomain/DAIR__qwen3.5-2b__sft-dpo-v2/privateshared/restaurant/instance_00003/interactions.json
llp9b__privateshared__restaurant__instance_00003,llp9b,LLP: Large Language Problems__qwen3.5-9b__llp-final,LLP: Large Language Problems__qwen3.5-9b__llp-final,clem_indomain,privateshared,restaurant,instance_00003,games_final/clem_indomain/LLP: Large Language Problems__qwen3.5-9b__llp-final/privateshared/restaurant/instance_00003/interactions.json
qwen27b__privateshared__restaurant__instance_00003,qwen27b,qwen3.5-27b,qwen3.5-27b,clem_indomain,privateshared,restaurant,instance_00003,games_final/clem_indomain/qwen3.5-27b/privateshared/restaurant/instance_00003/interactions.json
cityuol2b__privateshared__restaurant__instance_00007,cityuol2b,CityUoL__qwen3.5-2b__Qwen-GuidePlay-2B-v1,CityUoL__qwen3.5-2b__Qwen-GuidePlay-2B-v1,clem_indomain,privateshared,restaurant,instance_00007,games_final/clem_indomain/CityUoL__qwen3.5-2b__Qwen-GuidePlay-2B-v1/privateshared/restaurant/instance_00007/interactions.json
dair2b__privateshared__restaurant__instance_00007,dair2b,DAIR__qwen3.5-2b__sft-dpo-v2,DAIR__qwen3.5-2b__sft-dpo-v2,clem_indomain,privateshared,restaurant,instance_00007,games_final/clem_indomain/DAIR__qwen3.5-2b__sft-dpo-v2/privateshared/restaurant/instance_00007/interactions.json
llp9b__privateshared__restaurant__instance_00007,llp9b,LLP: Large Language Problems__qwen3.5-9b__llp-final,LLP: Large Language Problems__qwen3.5-9b__llp-final,clem_indomain,privateshared,restaurant,instance_00007,games_final/clem_indomain/LLP: Large Language Problems__qwen3.5-9b__llp-final/privateshared/restaurant/instance_00007/interactions.json
qwen27b__privateshared__restaurant__instance_00007,qwen27b,qwen3.5-27b,qwen3.5-27b,clem_indomain,privateshared,restaurant,instance_00007,games_final/clem_indomain/qwen3.5-27b/privateshared/restaurant/instance_00007/interactions.json
cityuol2b__privateshared__things-places__instance_00000,cityuol2b,CityUoL__qwen3.5-2b__Qwen-GuidePlay-2B-v1,CityUoL__qwen3.5-2b__Qwen-GuidePlay-2B-v1,clem_indomain,privateshared,things-places,instance_00000,games_final/clem_indomain/CityUoL__qwen3.5-2b__Qwen-GuidePlay-2B-v1/privateshared/things-places/instance_00000/interactions.json
dair2b__privateshared__things-places__instance_00000,dair2b,DAIR__qwen3.5-2b__sft-dpo-v2,DAIR__qwen3.5-2b__sft-dpo-v2,clem_indomain,privateshared,things-places,instance_00000,games_final/clem_indomain/DAIR__qwen3.5-2b__sft-dpo-v2/privateshared/things-places/instance_00000/interactions.json
llp9b__privateshared__things-places__instance_00000,llp9b,LLP: Large Language Problems__qwen3.5-9b__llp-final,LLP: Large Language Problems__qwen3.5-9b__llp-final,clem_indomain,privateshared,things-places,instance_00000,games_final/clem_indomain/LLP: Large Language Problems__qwen3.5-9b__llp-final/privateshared/things-places/instance_00000/interactions.json
qwen27b__privateshared__things-places__instance_00000,qwen27b,qwen3.5-27b,qwen3.5-27b,clem_indomain,privateshared,things-places,instance_00000,games_final/clem_indomain/qwen3.5-27b/privateshared/things-places/instance_00000/interactions.json
cityuol2b__privateshared__things-places__instance_00003,cityuol2b,CityUoL__qwen3.5-2b__Qwen-GuidePlay-2B-v1,CityUoL__qwen3.5-2b__Qwen-GuidePlay-2B-v1,clem_indomain,privateshared,things-places,instance_00003,games_final/clem_indomain/CityUoL__qwen3.5-2b__Qwen-GuidePlay-2B-v1/privateshared/things-places/instance_00003/interactions.json
dair2b__privateshared__things-places__instance_00003,dair2b,DAIR__qwen3.5-2b__sft-dpo-v2,DAIR__qwen3.5-2b__sft-dpo-v2,clem_indomain,privateshared,things-places,instance_00003,games_final/clem_indomain/DAIR__qwen3.5-2b__sft-dpo-v2/privateshared/things-places/instance_00003/interactions.json
llp9b__privateshared__things-places__instance_00003,llp9b,LLP: Large Language Problems__qwen3.5-9b__llp-final,LLP: Large Language Problems__qwen3.5-9b__llp-final,clem_indomain,privateshared,things-places,instance_00003,games_final/clem_indomain/LLP: Large Language Problems__qwen3.5-9b__llp-final/privateshared/things-places/instance_00003/interactions.json
qwen27b__privateshared__things-places__instance_00003,qwen27b,qwen3.5-27b,qwen3.5-27b,clem_indomain,privateshared,things-places,instance_00003,games_final/clem_indomain/qwen3.5-27b/privateshared/things-places/instance_00003/interactions.json
cityuol2b__privateshared__things-places__instance_00005,cityuol2b,CityUoL__qwen3.5-2b__Qwen-GuidePlay-2B-v1,CityUoL__qwen3.5-2b__Qwen-GuidePlay-2B-v1,clem_indomain,privateshared,things-places,instance_00005,games_final/clem_indomain/CityUoL__qwen3.5-2b__Qwen-GuidePlay-2B-v1/privateshared/things-places/instance_00005/interactions.json
dair2b__privateshared__things-places__instance_00005,dair2b,DAIR__qwen3.5-2b__sft-dpo-v2,DAIR__qwen3.5-2b__sft-dpo-v2,clem_indomain,privateshared,things-places,instance_00005,games_final/clem_indomain/DAIR__qwen3.5-2b__sft-dpo-v2/privateshared/things-places/instance_00005/interactions.json
llp9b__privateshared__things-places__instance_00005,llp9b,LLP: Large Language Problems__qwen3.5-9b__llp-final,LLP: Large Language Problems__qwen3.5-9b__llp-final,clem_indomain,privateshared,things-places,instance_00005,games_final/clem_indomain/LLP: Large Language Problems__qwen3.5-9b__llp-final/privateshared/things-places/instance_00005/interactions.json
qwen27b__privateshared__things-places__instance_00005,qwen27b,qwen3.5-27b,qwen3.5-27b,clem_indomain,privateshared,things-places,instance_00005,games_final/clem_indomain/qwen3.5-27b/privateshared/things-places/instance_00005/interactions.json
cityuol2b__privateshared__travel-booking__instance_00003,cityuol2b,CityUoL__qwen3.5-2b__Qwen-GuidePlay-2B-v1,CityUoL__qwen3.5-2b__Qwen-GuidePlay-2B-v1,clem_indomain,privateshared,travel-booking,instance_00003,games_final/clem_indomain/CityUoL__qwen3.5-2b__Qwen-GuidePlay-2B-v1/privateshared/travel-booking/instance_00003/interactions.json
dair2b__privateshared__travel-booking__instance_00003,dair2b,DAIR__qwen3.5-2b__sft-dpo-v2,DAIR__qwen3.5-2b__sft-dpo-v2,clem_indomain,privateshared,travel-booking,instance_00003,games_final/clem_indomain/DAIR__qwen3.5-2b__sft-dpo-v2/privateshared/travel-booking/instance_00003/interactions.json
llp9b__privateshared__travel-booking__instance_00003,llp9b,LLP: Large Language Problems__qwen3.5-9b__llp-final,LLP: Large Language Problems__qwen3.5-9b__llp-final,clem_indomain,privateshared,travel-booking,instance_00003,games_final/clem_indomain/LLP: Large Language Problems__qwen3.5-9b__llp-final/privateshared/travel-booking/instance_00003/interactions.json
qwen27b__privateshared__travel-booking__instance_00003,qwen27b,qwen3.5-27b,qwen3.5-27b,clem_indomain,privateshared,travel-booking,instance_00003,games_final/clem_indomain/qwen3.5-27b/privateshared/travel-booking/instance_00003/interactions.json
cityuol2b__privateshared__travel-booking__instance_00005,cityuol2b,CityUoL__qwen3.5-2b__Qwen-GuidePlay-2B-v1,CityUoL__qwen3.5-2b__Qwen-GuidePlay-2B-v1,clem_indomain,privateshared,travel-booking,instance_00005,games_final/clem_indomain/CityUoL__qwen3.5-2b__Qwen-GuidePlay-2B-v1/privateshared/travel-booking/instance_00005/interactions.json
dair2b__privateshared__travel-booking__instance_00005,dair2b,DAIR__qwen3.5-2b__sft-dpo-v2,DAIR__qwen3.5-2b__sft-dpo-v2,clem_indomain,privateshared,travel-booking,instance_00005,games_final/clem_indomain/DAIR__qwen3.5-2b__sft-dpo-v2/privateshared/travel-booking/instance_00005/interactions.json
llp9b__privateshared__travel-booking__instance_00005,llp9b,LLP: Large Language Problems__qwen3.5-9b__llp-final,LLP: Large Language Problems__qwen3.5-9b__llp-final,clem_indomain,privateshared,travel-booking,instance_00005,games_final/clem_indomain/LLP: Large Language Problems__qwen3.5-9b__llp-final/privateshared/travel-booking/instance_00005/interactions.json
qwen27b__privateshared__travel-booking__instance_00005,qwen27b,qwen3.5-27b,qwen3.5-27b,clem_indomain,privateshared,travel-booking,instance_00005,games_final/clem_indomain/qwen3.5-27b/privateshared/travel-booking/instance_00005/interactions.json
cityuol2b__referencegame__letter_grids__instance_00003,cityuol2b,CityUoL__qwen3.5-2b__Qwen-GuidePlay-2B-v1,CityUoL__qwen3.5-2b__Qwen-GuidePlay-2B-v1,clem_indomain,referencegame,letter_grids,instance_00003,games_final/clem_indomain/CityUoL__qwen3.5-2b__Qwen-GuidePlay-2B-v1/referencegame/letter_grids/instance_00003/interactions.json
dair2b__referencegame__letter_grids__instance_00003,dair2b,DAIR__qwen3.5-2b__sft-dpo-v2,DAIR__qwen3.5-2b__sft-dpo-v2,clem_indomain,referencegame,letter_grids,instance_00003,games_final/clem_indomain/DAIR__qwen3.5-2b__sft-dpo-v2/referencegame/letter_grids/instance_00003/interactions.json
llp9b__referencegame__letter_grids__instance_00003,llp9b,LLP: Large Language Problems__qwen3.5-9b__llp-final,LLP: Large Language Problems__qwen3.5-9b__llp-final,clem_indomain,referencegame,letter_grids,instance_00003,games_final/clem_indomain/LLP: Large Language Problems__qwen3.5-9b__llp-final/referencegame/letter_grids/instance_00003/interactions.json
qwen27b__referencegame__letter_grids__instance_00003,qwen27b,qwen3.5-27b,qwen3.5-27b,clem_indomain,referencegame,letter_grids,instance_00003,games_final/clem_indomain/qwen3.5-27b/referencegame/letter_grids/instance_00003/interactions.json
cityuol2b__referencegame__letter_grids__instance_00008,cityuol2b,CityUoL__qwen3.5-2b__Qwen-GuidePlay-2B-v1,CityUoL__qwen3.5-2b__Qwen-GuidePlay-2B-v1,clem_indomain,referencegame,letter_grids,instance_00008,games_final/clem_indomain/CityUoL__qwen3.5-2b__Qwen-GuidePlay-2B-v1/referencegame/letter_grids/instance_00008/interactions.json
dair2b__referencegame__letter_grids__instance_00008,dair2b,DAIR__qwen3.5-2b__sft-dpo-v2,DAIR__qwen3.5-2b__sft-dpo-v2,clem_indomain,referencegame,letter_grids,instance_00008,games_final/clem_indomain/DAIR__qwen3.5-2b__sft-dpo-v2/referencegame/letter_grids/instance_00008/interactions.json
llp9b__referencegame__letter_grids__instance_00008,llp9b,LLP: Large Language Problems__qwen3.5-9b__llp-final,LLP: Large Language Problems__qwen3.5-9b__llp-final,clem_indomain,referencegame,letter_grids,instance_00008,games_final/clem_indomain/LLP: Large Language Problems__qwen3.5-9b__llp-final/referencegame/letter_grids/instance_00008/interactions.json
qwen27b__referencegame__letter_grids__instance_00008,qwen27b,qwen3.5-27b,qwen3.5-27b,clem_indomain,referencegame,letter_grids,instance_00008,games_final/clem_indomain/qwen3.5-27b/referencegame/letter_grids/instance_00008/interactions.json
cityuol2b__referencegame__letter_grids__instance_00017,cityuol2b,CityUoL__qwen3.5-2b__Qwen-GuidePlay-2B-v1,CityUoL__qwen3.5-2b__Qwen-GuidePlay-2B-v1,clem_indomain,referencegame,letter_grids,instance_00017,games_final/clem_indomain/CityUoL__qwen3.5-2b__Qwen-GuidePlay-2B-v1/referencegame/letter_grids/instance_00017/interactions.json
dair2b__referencegame__letter_grids__instance_00017,dair2b,DAIR__qwen3.5-2b__sft-dpo-v2,DAIR__qwen3.5-2b__sft-dpo-v2,clem_indomain,referencegame,letter_grids,instance_00017,games_final/clem_indomain/DAIR__qwen3.5-2b__sft-dpo-v2/referencegame/letter_grids/instance_00017/interactions.json
llp9b__referencegame__letter_grids__instance_00017,llp9b,LLP: Large Language Problems__qwen3.5-9b__llp-final,LLP: Large Language Problems__qwen3.5-9b__llp-final,clem_indomain,referencegame,letter_grids,instance_00017,games_final/clem_indomain/LLP: Large Language Problems__qwen3.5-9b__llp-final/referencegame/letter_grids/instance_00017/interactions.json
qwen27b__referencegame__letter_grids__instance_00017,qwen27b,qwen3.5-27b,qwen3.5-27b,clem_indomain,referencegame,letter_grids,instance_00017,games_final/clem_indomain/qwen3.5-27b/referencegame/letter_grids/instance_00017/interactions.json
cityuol2b__referencegame__line_grids_columns__instance_00000,cityuol2b,CityUoL__qwen3.5-2b__Qwen-GuidePlay-2B-v1,CityUoL__qwen3.5-2b__Qwen-GuidePlay-2B-v1,clem_indomain,referencegame,line_grids_columns,instance_00000,games_final/clem_indomain/CityUoL__qwen3.5-2b__Qwen-GuidePlay-2B-v1/referencegame/line_grids_columns/instance_00000/interactions.json
dair2b__referencegame__line_grids_columns__instance_00000,dair2b,DAIR__qwen3.5-2b__sft-dpo-v2,DAIR__qwen3.5-2b__sft-dpo-v2,clem_indomain,referencegame,line_grids_columns,instance_00000,games_final/clem_indomain/DAIR__qwen3.5-2b__sft-dpo-v2/referencegame/line_grids_columns/instance_00000/interactions.json
llp9b__referencegame__line_grids_columns__instance_00000,llp9b,LLP: Large Language Problems__qwen3.5-9b__llp-final,LLP: Large Language Problems__qwen3.5-9b__llp-final,clem_indomain,referencegame,line_grids_columns,instance_00000,games_final/clem_indomain/LLP: Large Language Problems__qwen3.5-9b__llp-final/referencegame/line_grids_columns/instance_00000/interactions.json
qwen27b__referencegame__line_grids_columns__instance_00000,qwen27b,qwen3.5-27b,qwen3.5-27b,clem_indomain,referencegame,line_grids_columns,instance_00000,games_final/clem_indomain/qwen3.5-27b/referencegame/line_grids_columns/instance_00000/interactions.json
cityuol2b__referencegame__line_grids_columns__instance_00008,cityuol2b,CityUoL__qwen3.5-2b__Qwen-GuidePlay-2B-v1,CityUoL__qwen3.5-2b__Qwen-GuidePlay-2B-v1,clem_indomain,referencegame,line_grids_columns,instance_00008,games_final/clem_indomain/CityUoL__qwen3.5-2b__Qwen-GuidePlay-2B-v1/referencegame/line_grids_columns/instance_00008/interactions.json
dair2b__referencegame__line_grids_columns__instance_00008,dair2b,DAIR__qwen3.5-2b__sft-dpo-v2,DAIR__qwen3.5-2b__sft-dpo-v2,clem_indomain,referencegame,line_grids_columns,instance_00008,games_final/clem_indomain/DAIR__qwen3.5-2b__sft-dpo-v2/referencegame/line_grids_columns/instance_00008/interactions.json
llp9b__referencegame__line_grids_columns__instance_00008,llp9b,LLP: Large Language Problems__qwen3.5-9b__llp-final,LLP: Large Language Problems__qwen3.5-9b__llp-final,clem_indomain,referencegame,line_grids_columns,instance_00008,games_final/clem_indomain/LLP: Large Language Problems__qwen3.5-9b__llp-final/referencegame/line_grids_columns/instance_00008/interactions.json
qwen27b__referencegame__line_grids_columns__instance_00008,qwen27b,qwen3.5-27b,qwen3.5-27b,clem_indomain,referencegame,line_grids_columns,instance_00008,games_final/clem_indomain/qwen3.5-27b/referencegame/line_grids_columns/instance_00008/interactions.json
cityuol2b__referencegame__line_grids_columns__instance_00017,cityuol2b,CityUoL__qwen3.5-2b__Qwen-GuidePlay-2B-v1,CityUoL__qwen3.5-2b__Qwen-GuidePlay-2B-v1,clem_indomain,referencegame,line_grids_columns,instance_00017,games_final/clem_indomain/CityUoL__qwen3.5-2b__Qwen-GuidePlay-2B-v1/referencegame/line_grids_columns/instance_00017/interactions.json
dair2b__referencegame__line_grids_columns__instance_00017,dair2b,DAIR__qwen3.5-2b__sft-dpo-v2,DAIR__qwen3.5-2b__sft-dpo-v2,clem_indomain,referencegame,line_grids_columns,instance_00017,games_final/clem_indomain/DAIR__qwen3.5-2b__sft-dpo-v2/referencegame/line_grids_columns/instance_00017/interactions.json
llp9b__referencegame__line_grids_columns__instance_00017,llp9b,LLP: Large Language Problems__qwen3.5-9b__llp-final,LLP: Large Language Problems__qwen3.5-9b__llp-final,clem_indomain,referencegame,line_grids_columns,instance_00017,games_final/clem_indomain/LLP: Large Language Problems__qwen3.5-9b__llp-final/referencegame/line_grids_columns/instance_00017/interactions.json
qwen27b__referencegame__line_grids_columns__instance_00017,qwen27b,qwen3.5-27b,qwen3.5-27b,clem_indomain,referencegame,line_grids_columns,instance_00017,games_final/clem_indomain/qwen3.5-27b/referencegame/line_grids_columns/instance_00017/interactions.json
cityuol2b__referencegame__line_grids_rows__instance_00002,cityuol2b,CityUoL__qwen3.5-2b__Qwen-GuidePlay-2B-v1,CityUoL__qwen3.5-2b__Qwen-GuidePlay-2B-v1,clem_indomain,referencegame,line_grids_rows,instance_00002,games_final/clem_indomain/CityUoL__qwen3.5-2b__Qwen-GuidePlay-2B-v1/referencegame/line_grids_rows/instance_00002/interactions.json
dair2b__referencegame__line_grids_rows__instance_00002,dair2b,DAIR__qwen3.5-2b__sft-dpo-v2,DAIR__qwen3.5-2b__sft-dpo-v2,clem_indomain,referencegame,line_grids_rows,instance_00002,games_final/clem_indomain/DAIR__qwen3.5-2b__sft-dpo-v2/referencegame/line_grids_rows/instance_00002/interactions.json
llp9b__referencegame__line_grids_rows__instance_00002,llp9b,LLP: Large Language Problems__qwen3.5-9b__llp-final,LLP: Large Language Problems__qwen3.5-9b__llp-final,clem_indomain,referencegame,line_grids_rows,instance_00002,games_final/clem_indomain/LLP: Large Language Problems__qwen3.5-9b__llp-final/referencegame/line_grids_rows/instance_00002/interactions.json
qwen27b__referencegame__line_grids_rows__instance_00002,qwen27b,qwen3.5-27b,qwen3.5-27b,clem_indomain,referencegame,line_grids_rows,instance_00002,games_final/clem_indomain/qwen3.5-27b/referencegame/line_grids_rows/instance_00002/interactions.json
cityuol2b__referencegame__line_grids_rows__instance_00003,cityuol2b,CityUoL__qwen3.5-2b__Qwen-GuidePlay-2B-v1,CityUoL__qwen3.5-2b__Qwen-GuidePlay-2B-v1,clem_indomain,referencegame,line_grids_rows,instance_00003,games_final/clem_indomain/CityUoL__qwen3.5-2b__Qwen-GuidePlay-2B-v1/referencegame/line_grids_rows/instance_00003/interactions.json
dair2b__referencegame__line_grids_rows__instance_00003,dair2b,DAIR__qwen3.5-2b__sft-dpo-v2,DAIR__qwen3.5-2b__sft-dpo-v2,clem_indomain,referencegame,line_grids_rows,instance_00003,games_final/clem_indomain/DAIR__qwen3.5-2b__sft-dpo-v2/referencegame/line_grids_rows/instance_00003/interactions.json
llp9b__referencegame__line_grids_rows__instance_00003,llp9b,LLP: Large Language Problems__qwen3.5-9b__llp-final,LLP: Large Language Problems__qwen3.5-9b__llp-final,clem_indomain,referencegame,line_grids_rows,instance_00003,games_final/clem_indomain/LLP: Large Language Problems__qwen3.5-9b__llp-final/referencegame/line_grids_rows/instance_00003/interactions.json
qwen27b__referencegame__line_grids_rows__instance_00003,qwen27b,qwen3.5-27b,qwen3.5-27b,clem_indomain,referencegame,line_grids_rows,instance_00003,games_final/clem_indomain/qwen3.5-27b/referencegame/line_grids_rows/instance_00003/interactions.json
cityuol2b__referencegame__line_grids_rows__instance_00017,cityuol2b,CityUoL__qwen3.5-2b__Qwen-GuidePlay-2B-v1,CityUoL__qwen3.5-2b__Qwen-GuidePlay-2B-v1,clem_indomain,referencegame,line_grids_rows,instance_00017,games_final/clem_indomain/CityUoL__qwen3.5-2b__Qwen-GuidePlay-2B-v1/referencegame/line_grids_rows/instance_00017/interactions.json
dair2b__referencegame__line_grids_rows__instance_00017,dair2b,DAIR__qwen3.5-2b__sft-dpo-v2,DAIR__qwen3.5-2b__sft-dpo-v2,clem_indomain,referencegame,line_grids_rows,instance_00017,games_final/clem_indomain/DAIR__qwen3.5-2b__sft-dpo-v2/referencegame/line_grids_rows/instance_00017/interactions.json
llp9b__referencegame__line_grids_rows__instance_00017,llp9b,LLP: Large Language Problems__qwen3.5-9b__llp-final,LLP: Large Language Problems__qwen3.5-9b__llp-final,clem_indomain,referencegame,line_grids_rows,instance_00017,games_final/clem_indomain/LLP: Large Language Problems__qwen3.5-9b__llp-final/referencegame/line_grids_rows/instance_00017/interactions.json
qwen27b__referencegame__line_grids_rows__instance_00017,qwen27b,qwen3.5-27b,qwen3.5-27b,clem_indomain,referencegame,line_grids_rows,instance_00017,games_final/clem_indomain/qwen3.5-27b/referencegame/line_grids_rows/instance_00017/interactions.json
cityuol2b__referencegame__number_grids__instance_00005,cityuol2b,CityUoL__qwen3.5-2b__Qwen-GuidePlay-2B-v1,CityUoL__qwen3.5-2b__Qwen-GuidePlay-2B-v1,clem_indomain,referencegame,number_grids,instance_00005,games_final/clem_indomain/CityUoL__qwen3.5-2b__Qwen-GuidePlay-2B-v1/referencegame/number_grids/instance_00005/interactions.json
dair2b__referencegame__number_grids__instance_00005,dair2b,DAIR__qwen3.5-2b__sft-dpo-v2,DAIR__qwen3.5-2b__sft-dpo-v2,clem_indomain,referencegame,number_grids,instance_00005,games_final/clem_indomain/DAIR__qwen3.5-2b__sft-dpo-v2/referencegame/number_grids/instance_00005/interactions.json
llp9b__referencegame__number_grids__instance_00005,llp9b,LLP: Large Language Problems__qwen3.5-9b__llp-final,LLP: Large Language Problems__qwen3.5-9b__llp-final,clem_indomain,referencegame,number_grids,instance_00005,games_final/clem_indomain/LLP: Large Language Problems__qwen3.5-9b__llp-final/referencegame/number_grids/instance_00005/interactions.json
qwen27b__referencegame__number_grids__instance_00005,qwen27b,qwen3.5-27b,qwen3.5-27b,clem_indomain,referencegame,number_grids,instance_00005,games_final/clem_indomain/qwen3.5-27b/referencegame/number_grids/instance_00005/interactions.json
cityuol2b__referencegame__number_grids__instance_00009,cityuol2b,CityUoL__qwen3.5-2b__Qwen-GuidePlay-2B-v1,CityUoL__qwen3.5-2b__Qwen-GuidePlay-2B-v1,clem_indomain,referencegame,number_grids,instance_00009,games_final/clem_indomain/CityUoL__qwen3.5-2b__Qwen-GuidePlay-2B-v1/referencegame/number_grids/instance_00009/interactions.json
dair2b__referencegame__number_grids__instance_00009,dair2b,DAIR__qwen3.5-2b__sft-dpo-v2,DAIR__qwen3.5-2b__sft-dpo-v2,clem_indomain,referencegame,number_grids,instance_00009,games_final/clem_indomain/DAIR__qwen3.5-2b__sft-dpo-v2/referencegame/number_grids/instance_00009/interactions.json
llp9b__referencegame__number_grids__instance_00009,llp9b,LLP: Large Language Problems__qwen3.5-9b__llp-final,LLP: Large Language Problems__qwen3.5-9b__llp-final,clem_indomain,referencegame,number_grids,instance_00009,games_final/clem_indomain/LLP: Large Language Problems__qwen3.5-9b__llp-final/referencegame/number_grids/instance_00009/interactions.json
qwen27b__referencegame__number_grids__instance_00009,qwen27b,qwen3.5-27b,qwen3.5-27b,clem_indomain,referencegame,number_grids,instance_00009,games_final/clem_indomain/qwen3.5-27b/referencegame/number_grids/instance_00009/interactions.json
cityuol2b__referencegame__random_grids__instance_00009,cityuol2b,CityUoL__qwen3.5-2b__Qwen-GuidePlay-2B-v1,CityUoL__qwen3.5-2b__Qwen-GuidePlay-2B-v1,clem_indomain,referencegame,random_grids,instance_00009,games_final/clem_indomain/CityUoL__qwen3.5-2b__Qwen-GuidePlay-2B-v1/referencegame/random_grids/instance_00009/interactions.json
dair2b__referencegame__random_grids__instance_00009,dair2b,DAIR__qwen3.5-2b__sft-dpo-v2,DAIR__qwen3.5-2b__sft-dpo-v2,clem_indomain,referencegame,random_grids,instance_00009,games_final/clem_indomain/DAIR__qwen3.5-2b__sft-dpo-v2/referencegame/random_grids/instance_00009/interactions.json
llp9b__referencegame__random_grids__instance_00009,llp9b,LLP: Large Language Problems__qwen3.5-9b__llp-final,LLP: Large Language Problems__qwen3.5-9b__llp-final,clem_indomain,referencegame,random_grids,instance_00009,games_final/clem_indomain/LLP: Large Language Problems__qwen3.5-9b__llp-final/referencegame/random_grids/instance_00009/interactions.json
qwen27b__referencegame__random_grids__instance_00009,qwen27b,qwen3.5-27b,qwen3.5-27b,clem_indomain,referencegame,random_grids,instance_00009,games_final/clem_indomain/qwen3.5-27b/referencegame/random_grids/instance_00009/interactions.json
cityuol2b__referencegame__random_grids__instance_00014,cityuol2b,CityUoL__qwen3.5-2b__Qwen-GuidePlay-2B-v1,CityUoL__qwen3.5-2b__Qwen-GuidePlay-2B-v1,clem_indomain,referencegame,random_grids,instance_00014,games_final/clem_indomain/CityUoL__qwen3.5-2b__Qwen-GuidePlay-2B-v1/referencegame/random_grids/instance_00014/interactions.json
dair2b__referencegame__random_grids__instance_00014,dair2b,DAIR__qwen3.5-2b__sft-dpo-v2,DAIR__qwen3.5-2b__sft-dpo-v2,clem_indomain,referencegame,random_grids,instance_00014,games_final/clem_indomain/DAIR__qwen3.5-2b__sft-dpo-v2/referencegame/random_grids/instance_00014/interactions.json
llp9b__referencegame__random_grids__instance_00014,llp9b,LLP: Large Language Problems__qwen3.5-9b__llp-final,LLP: Large Language Problems__qwen3.5-9b__llp-final,clem_indomain,referencegame,random_grids,instance_00014,games_final/clem_indomain/LLP: Large Language Problems__qwen3.5-9b__llp-final/referencegame/random_grids/instance_00014/interactions.json
qwen27b__referencegame__random_grids__instance_00014,qwen27b,qwen3.5-27b,qwen3.5-27b,clem_indomain,referencegame,random_grids,instance_00014,games_final/clem_indomain/qwen3.5-27b/referencegame/random_grids/instance_00014/interactions.json
cityuol2b__ta_frozen_lake__FrozenLake-v0__instance_00002,cityuol2b,CityUoL__qwen3.5-2b__Qwen-GuidePlay-2B-v1,CityUoL__qwen3.5-2b__Qwen-GuidePlay-2B-v1,clem_outofdomain,ta_frozen_lake,FrozenLake-v0,instance_00002,games_final/clem_outofdomain/CityUoL__qwen3.5-2b__Qwen-GuidePlay-2B-v1/ta_frozen_lake/FrozenLake-v0/instance_00002/interactions.json
dair2b__ta_frozen_lake__FrozenLake-v0__instance_00002,dair2b,DAIR__qwen3.5-2b__sft-dpo-v2,DAIR__qwen3.5-2b__sft-dpo-v2,clem_outofdomain,ta_frozen_lake,FrozenLake-v0,instance_00002,games_final/clem_outofdomain/DAIR__qwen3.5-2b__sft-dpo-v2/ta_frozen_lake/FrozenLake-v0/instance_00002/interactions.json
llp9b__ta_frozen_lake__FrozenLake-v0__instance_00002,llp9b,LLP: Large Language Problems__qwen3.5-9b__llp-final,LLP: Large Language Problems__qwen3.5-9b__llp-final,clem_outofdomain,ta_frozen_lake,FrozenLake-v0,instance_00002,games_final/clem_outofdomain/LLP: Large Language Problems__qwen3.5-9b__llp-final/ta_frozen_lake/FrozenLake-v0/instance_00002/interactions.json
qwen27b__ta_frozen_lake__FrozenLake-v0__instance_00002,qwen27b,qwen3.5-27b,qwen3.5-27b,clem_outofdomain,ta_frozen_lake,FrozenLake-v0,instance_00002,games_final/clem_outofdomain/qwen3.5-27b/ta_frozen_lake/FrozenLake-v0/instance_00002/interactions.json
cityuol2b__ta_frozen_lake__FrozenLake-v0__instance_00003,cityuol2b,CityUoL__qwen3.5-2b__Qwen-GuidePlay-2B-v1,CityUoL__qwen3.5-2b__Qwen-GuidePlay-2B-v1,clem_outofdomain,ta_frozen_lake,FrozenLake-v0,instance_00003,games_final/clem_outofdomain/CityUoL__qwen3.5-2b__Qwen-GuidePlay-2B-v1/ta_frozen_lake/FrozenLake-v0/instance_00003/interactions.json
dair2b__ta_frozen_lake__FrozenLake-v0__instance_00003,dair2b,DAIR__qwen3.5-2b__sft-dpo-v2,DAIR__qwen3.5-2b__sft-dpo-v2,clem_outofdomain,ta_frozen_lake,FrozenLake-v0,instance_00003,games_final/clem_outofdomain/DAIR__qwen3.5-2b__sft-dpo-v2/ta_frozen_lake/FrozenLake-v0/instance_00003/interactions.json
llp9b__ta_frozen_lake__FrozenLake-v0__instance_00003,llp9b,LLP: Large Language Problems__qwen3.5-9b__llp-final,LLP: Large Language Problems__qwen3.5-9b__llp-final,clem_outofdomain,ta_frozen_lake,FrozenLake-v0,instance_00003,games_final/clem_outofdomain/LLP: Large Language Problems__qwen3.5-9b__llp-final/ta_frozen_lake/FrozenLake-v0/instance_00003/interactions.json
qwen27b__ta_frozen_lake__FrozenLake-v0__instance_00003,qwen27b,qwen3.5-27b,qwen3.5-27b,clem_outofdomain,ta_frozen_lake,FrozenLake-v0,instance_00003,games_final/clem_outofdomain/qwen3.5-27b/ta_frozen_lake/FrozenLake-v0/instance_00003/interactions.json
cityuol2b__ta_frozen_lake__FrozenLake-v0__instance_00007,cityuol2b,CityUoL__qwen3.5-2b__Qwen-GuidePlay-2B-v1,CityUoL__qwen3.5-2b__Qwen-GuidePlay-2B-v1,clem_outofdomain,ta_frozen_lake,FrozenLake-v0,instance_00007,games_final/clem_outofdomain/CityUoL__qwen3.5-2b__Qwen-GuidePlay-2B-v1/ta_frozen_lake/FrozenLake-v0/instance_00007/interactions.json
dair2b__ta_frozen_lake__FrozenLake-v0__instance_00007,dair2b,DAIR__qwen3.5-2b__sft-dpo-v2,DAIR__qwen3.5-2b__sft-dpo-v2,clem_outofdomain,ta_frozen_lake,FrozenLake-v0,instance_00007,games_final/clem_outofdomain/DAIR__qwen3.5-2b__sft-dpo-v2/ta_frozen_lake/FrozenLake-v0/instance_00007/interactions.json
llp9b__ta_frozen_lake__FrozenLake-v0__instance_00007,llp9b,LLP: Large Language Problems__qwen3.5-9b__llp-final,LLP: Large Language Problems__qwen3.5-9b__llp-final,clem_outofdomain,ta_frozen_lake,FrozenLake-v0,instance_00007,games_final/clem_outofdomain/LLP: Large Language Problems__qwen3.5-9b__llp-final/ta_frozen_lake/FrozenLake-v0/instance_00007/interactions.json
qwen27b__ta_frozen_lake__FrozenLake-v0__instance_00007,qwen27b,qwen3.5-27b,qwen3.5-27b,clem_outofdomain,ta_frozen_lake,FrozenLake-v0,instance_00007,games_final/clem_outofdomain/qwen3.5-27b/ta_frozen_lake/FrozenLake-v0/instance_00007/interactions.json
cityuol2b__ta_frozen_lake__FrozenLake-v0__instance_00008,cityuol2b,CityUoL__qwen3.5-2b__Qwen-GuidePlay-2B-v1,CityUoL__qwen3.5-2b__Qwen-GuidePlay-2B-v1,clem_outofdomain,ta_frozen_lake,FrozenLake-v0,instance_00008,games_final/clem_outofdomain/CityUoL__qwen3.5-2b__Qwen-GuidePlay-2B-v1/ta_frozen_lake/FrozenLake-v0/instance_00008/interactions.json
dair2b__ta_frozen_lake__FrozenLake-v0__instance_00008,dair2b,DAIR__qwen3.5-2b__sft-dpo-v2,DAIR__qwen3.5-2b__sft-dpo-v2,clem_outofdomain,ta_frozen_lake,FrozenLake-v0,instance_00008,games_final/clem_outofdomain/DAIR__qwen3.5-2b__sft-dpo-v2/ta_frozen_lake/FrozenLake-v0/instance_00008/interactions.json
llp9b__ta_frozen_lake__FrozenLake-v0__instance_00008,llp9b,LLP: Large Language Problems__qwen3.5-9b__llp-final,LLP: Large Language Problems__qwen3.5-9b__llp-final,clem_outofdomain,ta_frozen_lake,FrozenLake-v0,instance_00008,games_final/clem_outofdomain/LLP: Large Language Problems__qwen3.5-9b__llp-final/ta_frozen_lake/FrozenLake-v0/instance_00008/interactions.json
qwen27b__ta_frozen_lake__FrozenLake-v0__instance_00008,qwen27b,qwen3.5-27b,qwen3.5-27b,clem_outofdomain,ta_frozen_lake,FrozenLake-v0,instance_00008,games_final/clem_outofdomain/qwen3.5-27b/ta_frozen_lake/FrozenLake-v0/instance_00008/interactions.json
cityuol2b__ta_frozen_lake__FrozenLake-v0-hardcore__instance_00002,cityuol2b,CityUoL__qwen3.5-2b__Qwen-GuidePlay-2B-v1,CityUoL__qwen3.5-2b__Qwen-GuidePlay-2B-v1,clem_outofdomain,ta_frozen_lake,FrozenLake-v0-hardcore,instance_00002,games_final/clem_outofdomain/CityUoL__qwen3.5-2b__Qwen-GuidePlay-2B-v1/ta_frozen_lake/FrozenLake-v0-hardcore/instance_00002/interactions.json
dair2b__ta_frozen_lake__FrozenLake-v0-hardcore__instance_00002,dair2b,DAIR__qwen3.5-2b__sft-dpo-v2,DAIR__qwen3.5-2b__sft-dpo-v2,clem_outofdomain,ta_frozen_lake,FrozenLake-v0-hardcore,instance_00002,games_final/clem_outofdomain/DAIR__qwen3.5-2b__sft-dpo-v2/ta_frozen_lake/FrozenLake-v0-hardcore/instance_00002/interactions.json
llp9b__ta_frozen_lake__FrozenLake-v0-hardcore__instance_00002,llp9b,LLP: Large Language Problems__qwen3.5-9b__llp-final,LLP: Large Language Problems__qwen3.5-9b__llp-final,clem_outofdomain,ta_frozen_lake,FrozenLake-v0-hardcore,instance_00002,games_final/clem_outofdomain/LLP: Large Language Problems__qwen3.5-9b__llp-final/ta_frozen_lake/FrozenLake-v0-hardcore/instance_00002/interactions.json
qwen27b__ta_frozen_lake__FrozenLake-v0-hardcore__instance_00002,qwen27b,qwen3.5-27b,qwen3.5-27b,clem_outofdomain,ta_frozen_lake,FrozenLake-v0-hardcore,instance_00002,games_final/clem_outofdomain/qwen3.5-27b/ta_frozen_lake/FrozenLake-v0-hardcore/instance_00002/interactions.json
cityuol2b__ta_frozen_lake__FrozenLake-v0-hardcore__instance_00004,cityuol2b,CityUoL__qwen3.5-2b__Qwen-GuidePlay-2B-v1,CityUoL__qwen3.5-2b__Qwen-GuidePlay-2B-v1,clem_outofdomain,ta_frozen_lake,FrozenLake-v0-hardcore,instance_00004,games_final/clem_outofdomain/CityUoL__qwen3.5-2b__Qwen-GuidePlay-2B-v1/ta_frozen_lake/FrozenLake-v0-hardcore/instance_00004/interactions.json
dair2b__ta_frozen_lake__FrozenLake-v0-hardcore__instance_00004,dair2b,DAIR__qwen3.5-2b__sft-dpo-v2,DAIR__qwen3.5-2b__sft-dpo-v2,clem_outofdomain,ta_frozen_lake,FrozenLake-v0-hardcore,instance_00004,games_final/clem_outofdomain/DAIR__qwen3.5-2b__sft-dpo-v2/ta_frozen_lake/FrozenLake-v0-hardcore/instance_00004/interactions.json
llp9b__ta_frozen_lake__FrozenLake-v0-hardcore__instance_00004,llp9b,LLP: Large Language Problems__qwen3.5-9b__llp-final,LLP: Large Language Problems__qwen3.5-9b__llp-final,clem_outofdomain,ta_frozen_lake,FrozenLake-v0-hardcore,instance_00004,games_final/clem_outofdomain/LLP: Large Language Problems__qwen3.5-9b__llp-final/ta_frozen_lake/FrozenLake-v0-hardcore/instance_00004/interactions.json
qwen27b__ta_frozen_lake__FrozenLake-v0-hardcore__instance_00004,qwen27b,qwen3.5-27b,qwen3.5-27b,clem_outofdomain,ta_frozen_lake,FrozenLake-v0-hardcore,instance_00004,games_final/clem_outofdomain/qwen3.5-27b/ta_frozen_lake/FrozenLake-v0-hardcore/instance_00004/interactions.json
cityuol2b__ta_frozen_lake__FrozenLake-v0-hardcore__instance_00005,cityuol2b,CityUoL__qwen3.5-2b__Qwen-GuidePlay-2B-v1,CityUoL__qwen3.5-2b__Qwen-GuidePlay-2B-v1,clem_outofdomain,ta_frozen_lake,FrozenLake-v0-hardcore,instance_00005,games_final/clem_outofdomain/CityUoL__qwen3.5-2b__Qwen-GuidePlay-2B-v1/ta_frozen_lake/FrozenLake-v0-hardcore/instance_00005/interactions.json
dair2b__ta_frozen_lake__FrozenLake-v0-hardcore__instance_00005,dair2b,DAIR__qwen3.5-2b__sft-dpo-v2,DAIR__qwen3.5-2b__sft-dpo-v2,clem_outofdomain,ta_frozen_lake,FrozenLake-v0-hardcore,instance_00005,games_final/clem_outofdomain/DAIR__qwen3.5-2b__sft-dpo-v2/ta_frozen_lake/FrozenLake-v0-hardcore/instance_00005/interactions.json
llp9b__ta_frozen_lake__FrozenLake-v0-hardcore__instance_00005,llp9b,LLP: Large Language Problems__qwen3.5-9b__llp-final,LLP: Large Language Problems__qwen3.5-9b__llp-final,clem_outofdomain,ta_frozen_lake,FrozenLake-v0-hardcore,instance_00005,games_final/clem_outofdomain/LLP: Large Language Problems__qwen3.5-9b__llp-final/ta_frozen_lake/FrozenLake-v0-hardcore/instance_00005/interactions.json
qwen27b__ta_frozen_lake__FrozenLake-v0-hardcore__instance_00005,qwen27b,qwen3.5-27b,qwen3.5-27b,clem_outofdomain,ta_frozen_lake,FrozenLake-v0-hardcore,instance_00005,games_final/clem_outofdomain/qwen3.5-27b/ta_frozen_lake/FrozenLake-v0-hardcore/instance_00005/interactions.json
cityuol2b__ta_frozen_lake__FrozenLake-v0-hardcore__instance_00008,cityuol2b,CityUoL__qwen3.5-2b__Qwen-GuidePlay-2B-v1,CityUoL__qwen3.5-2b__Qwen-GuidePlay-2B-v1,clem_outofdomain,ta_frozen_lake,FrozenLake-v0-hardcore,instance_00008,games_final/clem_outofdomain/CityUoL__qwen3.5-2b__Qwen-GuidePlay-2B-v1/ta_frozen_lake/FrozenLake-v0-hardcore/instance_00008/interactions.json
dair2b__ta_frozen_lake__FrozenLake-v0-hardcore__instance_00008,dair2b,DAIR__qwen3.5-2b__sft-dpo-v2,DAIR__qwen3.5-2b__sft-dpo-v2,clem_outofdomain,ta_frozen_lake,FrozenLake-v0-hardcore,instance_00008,games_final/clem_outofdomain/DAIR__qwen3.5-2b__sft-dpo-v2/ta_frozen_lake/FrozenLake-v0-hardcore/instance_00008/interactions.json
llp9b__ta_frozen_lake__FrozenLake-v0-hardcore__instance_00008,llp9b,LLP: Large Language Problems__qwen3.5-9b__llp-final,LLP: Large Language Problems__qwen3.5-9b__llp-final,clem_outofdomain,ta_frozen_lake,FrozenLake-v0-hardcore,instance_00008,games_final/clem_outofdomain/LLP: Large Language Problems__qwen3.5-9b__llp-final/ta_frozen_lake/FrozenLake-v0-hardcore/instance_00008/interactions.json
qwen27b__ta_frozen_lake__FrozenLake-v0-hardcore__instance_00008,qwen27b,qwen3.5-27b,qwen3.5-27b,clem_outofdomain,ta_frozen_lake,FrozenLake-v0-hardcore,instance_00008,games_final/clem_outofdomain/qwen3.5-27b/ta_frozen_lake/FrozenLake-v0-hardcore/instance_00008/interactions.json
cityuol2b__ta_frozen_lake__FrozenLake-v0-random__instance_00001,cityuol2b,CityUoL__qwen3.5-2b__Qwen-GuidePlay-2B-v1,CityUoL__qwen3.5-2b__Qwen-GuidePlay-2B-v1,clem_outofdomain,ta_frozen_lake,FrozenLake-v0-random,instance_00001,games_final/clem_outofdomain/CityUoL__qwen3.5-2b__Qwen-GuidePlay-2B-v1/ta_frozen_lake/FrozenLake-v0-random/instance_00001/interactions.json
dair2b__ta_frozen_lake__FrozenLake-v0-random__instance_00001,dair2b,DAIR__qwen3.5-2b__sft-dpo-v2,DAIR__qwen3.5-2b__sft-dpo-v2,clem_outofdomain,ta_frozen_lake,FrozenLake-v0-random,instance_00001,games_final/clem_outofdomain/DAIR__qwen3.5-2b__sft-dpo-v2/ta_frozen_lake/FrozenLake-v0-random/instance_00001/interactions.json
llp9b__ta_frozen_lake__FrozenLake-v0-random__instance_00001,llp9b,LLP: Large Language Problems__qwen3.5-9b__llp-final,LLP: Large Language Problems__qwen3.5-9b__llp-final,clem_outofdomain,ta_frozen_lake,FrozenLake-v0-random,instance_00001,games_final/clem_outofdomain/LLP: Large Language Problems__qwen3.5-9b__llp-final/ta_frozen_lake/FrozenLake-v0-random/instance_00001/interactions.json
qwen27b__ta_frozen_lake__FrozenLake-v0-random__instance_00001,qwen27b,qwen3.5-27b,qwen3.5-27b,clem_outofdomain,ta_frozen_lake,FrozenLake-v0-random,instance_00001,games_final/clem_outofdomain/qwen3.5-27b/ta_frozen_lake/FrozenLake-v0-random/instance_00001/interactions.json
cityuol2b__ta_frozen_lake__FrozenLake-v0-random__instance_00002,cityuol2b,CityUoL__qwen3.5-2b__Qwen-GuidePlay-2B-v1,CityUoL__qwen3.5-2b__Qwen-GuidePlay-2B-v1,clem_outofdomain,ta_frozen_lake,FrozenLake-v0-random,instance_00002,games_final/clem_outofdomain/CityUoL__qwen3.5-2b__Qwen-GuidePlay-2B-v1/ta_frozen_lake/FrozenLake-v0-random/instance_00002/interactions.json
dair2b__ta_frozen_lake__FrozenLake-v0-random__instance_00002,dair2b,DAIR__qwen3.5-2b__sft-dpo-v2,DAIR__qwen3.5-2b__sft-dpo-v2,clem_outofdomain,ta_frozen_lake,FrozenLake-v0-random,instance_00002,games_final/clem_outofdomain/DAIR__qwen3.5-2b__sft-dpo-v2/ta_frozen_lake/FrozenLake-v0-random/instance_00002/interactions.json
llp9b__ta_frozen_lake__FrozenLake-v0-random__instance_00002,llp9b,LLP: Large Language Problems__qwen3.5-9b__llp-final,LLP: Large Language Problems__qwen3.5-9b__llp-final,clem_outofdomain,ta_frozen_lake,FrozenLake-v0-random,instance_00002,games_final/clem_outofdomain/LLP: Large Language Problems__qwen3.5-9b__llp-final/ta_frozen_lake/FrozenLake-v0-random/instance_00002/interactions.json
qwen27b__ta_frozen_lake__FrozenLake-v0-random__instance_00002,qwen27b,qwen3.5-27b,qwen3.5-27b,clem_outofdomain,ta_frozen_lake,FrozenLake-v0-random,instance_00002,games_final/clem_outofdomain/qwen3.5-27b/ta_frozen_lake/FrozenLake-v0-random/instance_00002/interactions.json
cityuol2b__ta_frozen_lake__FrozenLake-v0-random__instance_00003,cityuol2b,CityUoL__qwen3.5-2b__Qwen-GuidePlay-2B-v1,CityUoL__qwen3.5-2b__Qwen-GuidePlay-2B-v1,clem_outofdomain,ta_frozen_lake,FrozenLake-v0-random,instance_00003,games_final/clem_outofdomain/CityUoL__qwen3.5-2b__Qwen-GuidePlay-2B-v1/ta_frozen_lake/FrozenLake-v0-random/instance_00003/interactions.json
dair2b__ta_frozen_lake__FrozenLake-v0-random__instance_00003,dair2b,DAIR__qwen3.5-2b__sft-dpo-v2,DAIR__qwen3.5-2b__sft-dpo-v2,clem_outofdomain,ta_frozen_lake,FrozenLake-v0-random,instance_00003,games_final/clem_outofdomain/DAIR__qwen3.5-2b__sft-dpo-v2/ta_frozen_lake/FrozenLake-v0-random/instance_00003/interactions.json
llp9b__ta_frozen_lake__FrozenLake-v0-random__instance_00003,llp9b,LLP: Large Language Problems__qwen3.5-9b__llp-final,LLP: Large Language Problems__qwen3.5-9b__llp-final,clem_outofdomain,ta_frozen_lake,FrozenLake-v0-random,instance_00003,games_final/clem_outofdomain/LLP: Large Language Problems__qwen3.5-9b__llp-final/ta_frozen_lake/FrozenLake-v0-random/instance_00003/interactions.json
qwen27b__ta_frozen_lake__FrozenLake-v0-random__instance_00003,qwen27b,qwen3.5-27b,qwen3.5-27b,clem_outofdomain,ta_frozen_lake,FrozenLake-v0-random,instance_00003,games_final/clem_outofdomain/qwen3.5-27b/ta_frozen_lake/FrozenLake-v0-random/instance_00003/interactions.json
cityuol2b__ta_frozen_lake__FrozenLake-v0-random__instance_00004,cityuol2b,CityUoL__qwen3.5-2b__Qwen-GuidePlay-2B-v1,CityUoL__qwen3.5-2b__Qwen-GuidePlay-2B-v1,clem_outofdomain,ta_frozen_lake,FrozenLake-v0-random,instance_00004,games_final/clem_outofdomain/CityUoL__qwen3.5-2b__Qwen-GuidePlay-2B-v1/ta_frozen_lake/FrozenLake-v0-random/instance_00004/interactions.json
dair2b__ta_frozen_lake__FrozenLake-v0-random__instance_00004,dair2b,DAIR__qwen3.5-2b__sft-dpo-v2,DAIR__qwen3.5-2b__sft-dpo-v2,clem_outofdomain,ta_frozen_lake,FrozenLake-v0-random,instance_00004,games_final/clem_outofdomain/DAIR__qwen3.5-2b__sft-dpo-v2/ta_frozen_lake/FrozenLake-v0-random/instance_00004/interactions.json
llp9b__ta_frozen_lake__FrozenLake-v0-random__instance_00004,llp9b,LLP: Large Language Problems__qwen3.5-9b__llp-final,LLP: Large Language Problems__qwen3.5-9b__llp-final,clem_outofdomain,ta_frozen_lake,FrozenLake-v0-random,instance_00004,games_final/clem_outofdomain/LLP: Large Language Problems__qwen3.5-9b__llp-final/ta_frozen_lake/FrozenLake-v0-random/instance_00004/interactions.json
qwen27b__ta_frozen_lake__FrozenLake-v0-random__instance_00004,qwen27b,qwen3.5-27b,qwen3.5-27b,clem_outofdomain,ta_frozen_lake,FrozenLake-v0-random,instance_00004,games_final/clem_outofdomain/qwen3.5-27b/ta_frozen_lake/FrozenLake-v0-random/instance_00004/interactions.json
cityuol2b__ta_frozen_lake__FrozenLake-v0-random__instance_00008,cityuol2b,CityUoL__qwen3.5-2b__Qwen-GuidePlay-2B-v1,CityUoL__qwen3.5-2b__Qwen-GuidePlay-2B-v1,clem_outofdomain,ta_frozen_lake,FrozenLake-v0-random,instance_00008,games_final/clem_outofdomain/CityUoL__qwen3.5-2b__Qwen-GuidePlay-2B-v1/ta_frozen_lake/FrozenLake-v0-random/instance_00008/interactions.json
dair2b__ta_frozen_lake__FrozenLake-v0-random__instance_00008,dair2b,DAIR__qwen3.5-2b__sft-dpo-v2,DAIR__qwen3.5-2b__sft-dpo-v2,clem_outofdomain,ta_frozen_lake,FrozenLake-v0-random,instance_00008,games_final/clem_outofdomain/DAIR__qwen3.5-2b__sft-dpo-v2/ta_frozen_lake/FrozenLake-v0-random/instance_00008/interactions.json
llp9b__ta_frozen_lake__FrozenLake-v0-random__instance_00008,llp9b,LLP: Large Language Problems__qwen3.5-9b__llp-final,LLP: Large Language Problems__qwen3.5-9b__llp-final,clem_outofdomain,ta_frozen_lake,FrozenLake-v0-random,instance_00008,games_final/clem_outofdomain/LLP: Large Language Problems__qwen3.5-9b__llp-final/ta_frozen_lake/FrozenLake-v0-random/instance_00008/interactions.json
qwen27b__ta_frozen_lake__FrozenLake-v0-random__instance_00008,qwen27b,qwen3.5-27b,qwen3.5-27b,clem_outofdomain,ta_frozen_lake,FrozenLake-v0-random,instance_00008,games_final/clem_outofdomain/qwen3.5-27b/ta_frozen_lake/FrozenLake-v0-random/instance_00008/interactions.json
cityuol2b__wordle-crazy_withclue__high_frequency_words_clue_no_critic__instance_00005,cityuol2b,CityUoL__qwen3.5-2b__Qwen-GuidePlay-2B-v1,CityUoL__qwen3.5-2b__Qwen-GuidePlay-2B-v1,clem_outofdomain,wordle-crazy_withclue,high_frequency_words_clue_no_critic,instance_00005,games_final/clem_outofdomain/CityUoL__qwen3.5-2b__Qwen-GuidePlay-2B-v1/wordle-crazy_withclue/high_frequency_words_clue_no_critic/instance_00005/interactions.json
dair2b__wordle-crazy_withclue__high_frequency_words_clue_no_critic__instance_00005,dair2b,DAIR__qwen3.5-2b__sft-dpo-v2,DAIR__qwen3.5-2b__sft-dpo-v2,clem_outofdomain,wordle-crazy_withclue,high_frequency_words_clue_no_critic,instance_00005,games_final/clem_outofdomain/DAIR__qwen3.5-2b__sft-dpo-v2/wordle-crazy_withclue/high_frequency_words_clue_no_critic/instance_00005/interactions.json
llp9b__wordle-crazy_withclue__high_frequency_words_clue_no_critic__instance_00005,llp9b,LLP: Large Language Problems__qwen3.5-9b__llp-final,LLP: Large Language Problems__qwen3.5-9b__llp-final,clem_outofdomain,wordle-crazy_withclue,high_frequency_words_clue_no_critic,instance_00005,games_final/clem_outofdomain/LLP: Large Language Problems__qwen3.5-9b__llp-final/wordle-crazy_withclue/high_frequency_words_clue_no_critic/instance_00005/interactions.json
qwen27b__wordle-crazy_withclue__high_frequency_words_clue_no_critic__instance_00005,qwen27b,qwen3.5-27b,qwen3.5-27b,clem_outofdomain,wordle-crazy_withclue,high_frequency_words_clue_no_critic,instance_00005,games_final/clem_outofdomain/qwen3.5-27b/wordle-crazy_withclue/high_frequency_words_clue_no_critic/instance_00005/interactions.json
cityuol2b__wordle-crazy_withclue__high_frequency_words_clue_no_critic__instance_00007,cityuol2b,CityUoL__qwen3.5-2b__Qwen-GuidePlay-2B-v1,CityUoL__qwen3.5-2b__Qwen-GuidePlay-2B-v1,clem_outofdomain,wordle-crazy_withclue,high_frequency_words_clue_no_critic,instance_00007,games_final/clem_outofdomain/CityUoL__qwen3.5-2b__Qwen-GuidePlay-2B-v1/wordle-crazy_withclue/high_frequency_words_clue_no_critic/instance_00007/interactions.json
dair2b__wordle-crazy_withclue__high_frequency_words_clue_no_critic__instance_00007,dair2b,DAIR__qwen3.5-2b__sft-dpo-v2,DAIR__qwen3.5-2b__sft-dpo-v2,clem_outofdomain,wordle-crazy_withclue,high_frequency_words_clue_no_critic,instance_00007,games_final/clem_outofdomain/DAIR__qwen3.5-2b__sft-dpo-v2/wordle-crazy_withclue/high_frequency_words_clue_no_critic/instance_00007/interactions.json
llp9b__wordle-crazy_withclue__high_frequency_words_clue_no_critic__instance_00007,llp9b,LLP: Large Language Problems__qwen3.5-9b__llp-final,LLP: Large Language Problems__qwen3.5-9b__llp-final,clem_outofdomain,wordle-crazy_withclue,high_frequency_words_clue_no_critic,instance_00007,games_final/clem_outofdomain/LLP: Large Language Problems__qwen3.5-9b__llp-final/wordle-crazy_withclue/high_frequency_words_clue_no_critic/instance_00007/interactions.json
qwen27b__wordle-crazy_withclue__high_frequency_words_clue_no_critic__instance_00007,qwen27b,qwen3.5-27b,qwen3.5-27b,clem_outofdomain,wordle-crazy_withclue,high_frequency_words_clue_no_critic,instance_00007,games_final/clem_outofdomain/qwen3.5-27b/wordle-crazy_withclue/high_frequency_words_clue_no_critic/instance_00007/interactions.json
cityuol2b__wordle-crazy_withclue__high_frequency_words_clue_no_critic__instance_00010,cityuol2b,CityUoL__qwen3.5-2b__Qwen-GuidePlay-2B-v1,CityUoL__qwen3.5-2b__Qwen-GuidePlay-2B-v1,clem_outofdomain,wordle-crazy_withclue,high_frequency_words_clue_no_critic,instance_00010,games_final/clem_outofdomain/CityUoL__qwen3.5-2b__Qwen-GuidePlay-2B-v1/wordle-crazy_withclue/high_frequency_words_clue_no_critic/instance_00010/interactions.json
dair2b__wordle-crazy_withclue__high_frequency_words_clue_no_critic__instance_00010,dair2b,DAIR__qwen3.5-2b__sft-dpo-v2,DAIR__qwen3.5-2b__sft-dpo-v2,clem_outofdomain,wordle-crazy_withclue,high_frequency_words_clue_no_critic,instance_00010,games_final/clem_outofdomain/DAIR__qwen3.5-2b__sft-dpo-v2/wordle-crazy_withclue/high_frequency_words_clue_no_critic/instance_00010/interactions.json
llp9b__wordle-crazy_withclue__high_frequency_words_clue_no_critic__instance_00010,llp9b,LLP: Large Language Problems__qwen3.5-9b__llp-final,LLP: Large Language Problems__qwen3.5-9b__llp-final,clem_outofdomain,wordle-crazy_withclue,high_frequency_words_clue_no_critic,instance_00010,games_final/clem_outofdomain/LLP: Large Language Problems__qwen3.5-9b__llp-final/wordle-crazy_withclue/high_frequency_words_clue_no_critic/instance_00010/interactions.json
qwen27b__wordle-crazy_withclue__high_frequency_words_clue_no_critic__instance_00010,qwen27b,qwen3.5-27b,qwen3.5-27b,clem_outofdomain,wordle-crazy_withclue,high_frequency_words_clue_no_critic,instance_00010,games_final/clem_outofdomain/qwen3.5-27b/wordle-crazy_withclue/high_frequency_words_clue_no_critic/instance_00010/interactions.json
cityuol2b__wordle-crazy_withclue__medium_frequency_words_clue_no_critic__instance_00001,cityuol2b,CityUoL__qwen3.5-2b__Qwen-GuidePlay-2B-v1,CityUoL__qwen3.5-2b__Qwen-GuidePlay-2B-v1,clem_outofdomain,wordle-crazy_withclue,medium_frequency_words_clue_no_critic,instance_00001,games_final/clem_outofdomain/CityUoL__qwen3.5-2b__Qwen-GuidePlay-2B-v1/wordle-crazy_withclue/medium_frequency_words_clue_no_critic/instance_00001/interactions.json
dair2b__wordle-crazy_withclue__medium_frequency_words_clue_no_critic__instance_00001,dair2b,DAIR__qwen3.5-2b__sft-dpo-v2,DAIR__qwen3.5-2b__sft-dpo-v2,clem_outofdomain,wordle-crazy_withclue,medium_frequency_words_clue_no_critic,instance_00001,games_final/clem_outofdomain/DAIR__qwen3.5-2b__sft-dpo-v2/wordle-crazy_withclue/medium_frequency_words_clue_no_critic/instance_00001/interactions.json
llp9b__wordle-crazy_withclue__medium_frequency_words_clue_no_critic__instance_00001,llp9b,LLP: Large Language Problems__qwen3.5-9b__llp-final,LLP: Large Language Problems__qwen3.5-9b__llp-final,clem_outofdomain,wordle-crazy_withclue,medium_frequency_words_clue_no_critic,instance_00001,games_final/clem_outofdomain/LLP: Large Language Problems__qwen3.5-9b__llp-final/wordle-crazy_withclue/medium_frequency_words_clue_no_critic/instance_00001/interactions.json
qwen27b__wordle-crazy_withclue__medium_frequency_words_clue_no_critic__instance_00001,qwen27b,qwen3.5-27b,qwen3.5-27b,clem_outofdomain,wordle-crazy_withclue,medium_frequency_words_clue_no_critic,instance_00001,games_final/clem_outofdomain/qwen3.5-27b/wordle-crazy_withclue/medium_frequency_words_clue_no_critic/instance_00001/interactions.json
cityuol2b__wordle-crazy_withclue__medium_frequency_words_clue_no_critic__instance_00002,cityuol2b,CityUoL__qwen3.5-2b__Qwen-GuidePlay-2B-v1,CityUoL__qwen3.5-2b__Qwen-GuidePlay-2B-v1,clem_outofdomain,wordle-crazy_withclue,medium_frequency_words_clue_no_critic,instance_00002,games_final/clem_outofdomain/CityUoL__qwen3.5-2b__Qwen-GuidePlay-2B-v1/wordle-crazy_withclue/medium_frequency_words_clue_no_critic/instance_00002/interactions.json
dair2b__wordle-crazy_withclue__medium_frequency_words_clue_no_critic__instance_00002,dair2b,DAIR__qwen3.5-2b__sft-dpo-v2,DAIR__qwen3.5-2b__sft-dpo-v2,clem_outofdomain,wordle-crazy_withclue,medium_frequency_words_clue_no_critic,instance_00002,games_final/clem_outofdomain/DAIR__qwen3.5-2b__sft-dpo-v2/wordle-crazy_withclue/medium_frequency_words_clue_no_critic/instance_00002/interactions.json
llp9b__wordle-crazy_withclue__medium_frequency_words_clue_no_critic__instance_00002,llp9b,LLP: Large Language Problems__qwen3.5-9b__llp-final,LLP: Large Language Problems__qwen3.5-9b__llp-final,clem_outofdomain,wordle-crazy_withclue,medium_frequency_words_clue_no_critic,instance_00002,games_final/clem_outofdomain/LLP: Large Language Problems__qwen3.5-9b__llp-final/wordle-crazy_withclue/medium_frequency_words_clue_no_critic/instance_00002/interactions.json
qwen27b__wordle-crazy_withclue__medium_frequency_words_clue_no_critic__instance_00002,qwen27b,qwen3.5-27b,qwen3.5-27b,clem_outofdomain,wordle-crazy_withclue,medium_frequency_words_clue_no_critic,instance_00002,games_final/clem_outofdomain/qwen3.5-27b/wordle-crazy_withclue/medium_frequency_words_clue_no_critic/instance_00002/interactions.json
cityuol2b__wordle-crazy_withclue__medium_frequency_words_clue_no_critic__instance_00004,cityuol2b,CityUoL__qwen3.5-2b__Qwen-GuidePlay-2B-v1,CityUoL__qwen3.5-2b__Qwen-GuidePlay-2B-v1,clem_outofdomain,wordle-crazy_withclue,medium_frequency_words_clue_no_critic,instance_00004,games_final/clem_outofdomain/CityUoL__qwen3.5-2b__Qwen-GuidePlay-2B-v1/wordle-crazy_withclue/medium_frequency_words_clue_no_critic/instance_00004/interactions.json
dair2b__wordle-crazy_withclue__medium_frequency_words_clue_no_critic__instance_00004,dair2b,DAIR__qwen3.5-2b__sft-dpo-v2,DAIR__qwen3.5-2b__sft-dpo-v2,clem_outofdomain,wordle-crazy_withclue,medium_frequency_words_clue_no_critic,instance_00004,games_final/clem_outofdomain/DAIR__qwen3.5-2b__sft-dpo-v2/wordle-crazy_withclue/medium_frequency_words_clue_no_critic/instance_00004/interactions.json
llp9b__wordle-crazy_withclue__medium_frequency_words_clue_no_critic__instance_00004,llp9b,LLP: Large Language Problems__qwen3.5-9b__llp-final,LLP: Large Language Problems__qwen3.5-9b__llp-final,clem_outofdomain,wordle-crazy_withclue,medium_frequency_words_clue_no_critic,instance_00004,games_final/clem_outofdomain/LLP: Large Language Problems__qwen3.5-9b__llp-final/wordle-crazy_withclue/medium_frequency_words_clue_no_critic/instance_00004/interactions.json
qwen27b__wordle-crazy_withclue__medium_frequency_words_clue_no_critic__instance_00004,qwen27b,qwen3.5-27b,qwen3.5-27b,clem_outofdomain,wordle-crazy_withclue,medium_frequency_words_clue_no_critic,instance_00004,games_final/clem_outofdomain/qwen3.5-27b/wordle-crazy_withclue/medium_frequency_words_clue_no_critic/instance_00004/interactions.json
cityuol2b__wordle-crazy_withclue__medium_frequency_words_clue_no_critic__instance_00006,cityuol2b,CityUoL__qwen3.5-2b__Qwen-GuidePlay-2B-v1,CityUoL__qwen3.5-2b__Qwen-GuidePlay-2B-v1,clem_outofdomain,wordle-crazy_withclue,medium_frequency_words_clue_no_critic,instance_00006,games_final/clem_outofdomain/CityUoL__qwen3.5-2b__Qwen-GuidePlay-2B-v1/wordle-crazy_withclue/medium_frequency_words_clue_no_critic/instance_00006/interactions.json
dair2b__wordle-crazy_withclue__medium_frequency_words_clue_no_critic__instance_00006,dair2b,DAIR__qwen3.5-2b__sft-dpo-v2,DAIR__qwen3.5-2b__sft-dpo-v2,clem_outofdomain,wordle-crazy_withclue,medium_frequency_words_clue_no_critic,instance_00006,games_final/clem_outofdomain/DAIR__qwen3.5-2b__sft-dpo-v2/wordle-crazy_withclue/medium_frequency_words_clue_no_critic/instance_00006/interactions.json
llp9b__wordle-crazy_withclue__medium_frequency_words_clue_no_critic__instance_00006,llp9b,LLP: Large Language Problems__qwen3.5-9b__llp-final,LLP: Large Language Problems__qwen3.5-9b__llp-final,clem_outofdomain,wordle-crazy_withclue,medium_frequency_words_clue_no_critic,instance_00006,games_final/clem_outofdomain/LLP: Large Language Problems__qwen3.5-9b__llp-final/wordle-crazy_withclue/medium_frequency_words_clue_no_critic/instance_00006/interactions.json
qwen27b__wordle-crazy_withclue__medium_frequency_words_clue_no_critic__instance_00006,qwen27b,qwen3.5-27b,qwen3.5-27b,clem_outofdomain,wordle-crazy_withclue,medium_frequency_words_clue_no_critic,instance_00006,games_final/clem_outofdomain/qwen3.5-27b/wordle-crazy_withclue/medium_frequency_words_clue_no_critic/instance_00006/interactions.json
cityuol2b__wordle-crazy_withclue__medium_frequency_words_clue_no_critic__instance_00007,cityuol2b,CityUoL__qwen3.5-2b__Qwen-GuidePlay-2B-v1,CityUoL__qwen3.5-2b__Qwen-GuidePlay-2B-v1,clem_outofdomain,wordle-crazy_withclue,medium_frequency_words_clue_no_critic,instance_00007,games_final/clem_outofdomain/CityUoL__qwen3.5-2b__Qwen-GuidePlay-2B-v1/wordle-crazy_withclue/medium_frequency_words_clue_no_critic/instance_00007/interactions.json
dair2b__wordle-crazy_withclue__medium_frequency_words_clue_no_critic__instance_00007,dair2b,DAIR__qwen3.5-2b__sft-dpo-v2,DAIR__qwen3.5-2b__sft-dpo-v2,clem_outofdomain,wordle-crazy_withclue,medium_frequency_words_clue_no_critic,instance_00007,games_final/clem_outofdomain/DAIR__qwen3.5-2b__sft-dpo-v2/wordle-crazy_withclue/medium_frequency_words_clue_no_critic/instance_00007/interactions.json
llp9b__wordle-crazy_withclue__medium_frequency_words_clue_no_critic__instance_00007,llp9b,LLP: Large Language Problems__qwen3.5-9b__llp-final,LLP: Large Language Problems__qwen3.5-9b__llp-final,clem_outofdomain,wordle-crazy_withclue,medium_frequency_words_clue_no_critic,instance_00007,games_final/clem_outofdomain/LLP: Large Language Problems__qwen3.5-9b__llp-final/wordle-crazy_withclue/medium_frequency_words_clue_no_critic/instance_00007/interactions.json
qwen27b__wordle-crazy_withclue__medium_frequency_words_clue_no_critic__instance_00007,qwen27b,qwen3.5-27b,qwen3.5-27b,clem_outofdomain,wordle-crazy_withclue,medium_frequency_words_clue_no_critic,instance_00007,games_final/clem_outofdomain/qwen3.5-27b/wordle-crazy_withclue/medium_frequency_words_clue_no_critic/instance_00007/interactions.json
cityuol2b__wordle-crazy_withclue__medium_frequency_words_clue_no_critic__instance_00011,cityuol2b,CityUoL__qwen3.5-2b__Qwen-GuidePlay-2B-v1,CityUoL__qwen3.5-2b__Qwen-GuidePlay-2B-v1,clem_outofdomain,wordle-crazy_withclue,medium_frequency_words_clue_no_critic,instance_00011,games_final/clem_outofdomain/CityUoL__qwen3.5-2b__Qwen-GuidePlay-2B-v1/wordle-crazy_withclue/medium_frequency_words_clue_no_critic/instance_00011/interactions.json
dair2b__wordle-crazy_withclue__medium_frequency_words_clue_no_critic__instance_00011,dair2b,DAIR__qwen3.5-2b__sft-dpo-v2,DAIR__qwen3.5-2b__sft-dpo-v2,clem_outofdomain,wordle-crazy_withclue,medium_frequency_words_clue_no_critic,instance_00011,games_final/clem_outofdomain/DAIR__qwen3.5-2b__sft-dpo-v2/wordle-crazy_withclue/medium_frequency_words_clue_no_critic/instance_00011/interactions.json
llp9b__wordle-crazy_withclue__medium_frequency_words_clue_no_critic__instance_00011,llp9b,LLP: Large Language Problems__qwen3.5-9b__llp-final,LLP: Large Language Problems__qwen3.5-9b__llp-final,clem_outofdomain,wordle-crazy_withclue,medium_frequency_words_clue_no_critic,instance_00011,games_final/clem_outofdomain/LLP: Large Language Problems__qwen3.5-9b__llp-final/wordle-crazy_withclue/medium_frequency_words_clue_no_critic/instance_00011/interactions.json
qwen27b__wordle-crazy_withclue__medium_frequency_words_clue_no_critic__instance_00011,qwen27b,qwen3.5-27b,qwen3.5-27b,clem_outofdomain,wordle-crazy_withclue,medium_frequency_words_clue_no_critic,instance_00011,games_final/clem_outofdomain/qwen3.5-27b/wordle-crazy_withclue/medium_frequency_words_clue_no_critic/instance_00011/interactions.json
cityuol2b__wordle-crazy_withclue__medium_frequency_words_clue_no_critic__instance_00012,cityuol2b,CityUoL__qwen3.5-2b__Qwen-GuidePlay-2B-v1,CityUoL__qwen3.5-2b__Qwen-GuidePlay-2B-v1,clem_outofdomain,wordle-crazy_withclue,medium_frequency_words_clue_no_critic,instance_00012,games_final/clem_outofdomain/CityUoL__qwen3.5-2b__Qwen-GuidePlay-2B-v1/wordle-crazy_withclue/medium_frequency_words_clue_no_critic/instance_00012/interactions.json
dair2b__wordle-crazy_withclue__medium_frequency_words_clue_no_critic__instance_00012,dair2b,DAIR__qwen3.5-2b__sft-dpo-v2,DAIR__qwen3.5-2b__sft-dpo-v2,clem_outofdomain,wordle-crazy_withclue,medium_frequency_words_clue_no_critic,instance_00012,games_final/clem_outofdomain/DAIR__qwen3.5-2b__sft-dpo-v2/wordle-crazy_withclue/medium_frequency_words_clue_no_critic/instance_00012/interactions.json
llp9b__wordle-crazy_withclue__medium_frequency_words_clue_no_critic__instance_00012,llp9b,LLP: Large Language Problems__qwen3.5-9b__llp-final,LLP: Large Language Problems__qwen3.5-9b__llp-final,clem_outofdomain,wordle-crazy_withclue,medium_frequency_words_clue_no_critic,instance_00012,games_final/clem_outofdomain/LLP: Large Language Problems__qwen3.5-9b__llp-final/wordle-crazy_withclue/medium_frequency_words_clue_no_critic/instance_00012/interactions.json
qwen27b__wordle-crazy_withclue__medium_frequency_words_clue_no_critic__instance_00012,qwen27b,qwen3.5-27b,qwen3.5-27b,clem_outofdomain,wordle-crazy_withclue,medium_frequency_words_clue_no_critic,instance_00012,games_final/clem_outofdomain/qwen3.5-27b/wordle-crazy_withclue/medium_frequency_words_clue_no_critic/instance_00012/interactions.json
cityuol2b__wordle-crazy_withclue__medium_frequency_words_clue_no_critic__instance_00013,cityuol2b,CityUoL__qwen3.5-2b__Qwen-GuidePlay-2B-v1,CityUoL__qwen3.5-2b__Qwen-GuidePlay-2B-v1,clem_outofdomain,wordle-crazy_withclue,medium_frequency_words_clue_no_critic,instance_00013,games_final/clem_outofdomain/CityUoL__qwen3.5-2b__Qwen-GuidePlay-2B-v1/wordle-crazy_withclue/medium_frequency_words_clue_no_critic/instance_00013/interactions.json
dair2b__wordle-crazy_withclue__medium_frequency_words_clue_no_critic__instance_00013,dair2b,DAIR__qwen3.5-2b__sft-dpo-v2,DAIR__qwen3.5-2b__sft-dpo-v2,clem_outofdomain,wordle-crazy_withclue,medium_frequency_words_clue_no_critic,instance_00013,games_final/clem_outofdomain/DAIR__qwen3.5-2b__sft-dpo-v2/wordle-crazy_withclue/medium_frequency_words_clue_no_critic/instance_00013/interactions.json
llp9b__wordle-crazy_withclue__medium_frequency_words_clue_no_critic__instance_00013,llp9b,LLP: Large Language Problems__qwen3.5-9b__llp-final,LLP: Large Language Problems__qwen3.5-9b__llp-final,clem_outofdomain,wordle-crazy_withclue,medium_frequency_words_clue_no_critic,instance_00013,games_final/clem_outofdomain/LLP: Large Language Problems__qwen3.5-9b__llp-final/wordle-crazy_withclue/medium_frequency_words_clue_no_critic/instance_00013/interactions.json
qwen27b__wordle-crazy_withclue__medium_frequency_words_clue_no_critic__instance_00013,qwen27b,qwen3.5-27b,qwen3.5-27b,clem_outofdomain,wordle-crazy_withclue,medium_frequency_words_clue_no_critic,instance_00013,games_final/clem_outofdomain/qwen3.5-27b/wordle-crazy_withclue/medium_frequency_words_clue_no_critic/instance_00013/interactions.json
cityuol2b__wordle-crazy_withclue__medium_frequency_words_clue_no_critic__instance_00015,cityuol2b,CityUoL__qwen3.5-2b__Qwen-GuidePlay-2B-v1,CityUoL__qwen3.5-2b__Qwen-GuidePlay-2B-v1,clem_outofdomain,wordle-crazy_withclue,medium_frequency_words_clue_no_critic,instance_00015,games_final/clem_outofdomain/CityUoL__qwen3.5-2b__Qwen-GuidePlay-2B-v1/wordle-crazy_withclue/medium_frequency_words_clue_no_critic/instance_00015/interactions.json
dair2b__wordle-crazy_withclue__medium_frequency_words_clue_no_critic__instance_00015,dair2b,DAIR__qwen3.5-2b__sft-dpo-v2,DAIR__qwen3.5-2b__sft-dpo-v2,clem_outofdomain,wordle-crazy_withclue,medium_frequency_words_clue_no_critic,instance_00015,games_final/clem_outofdomain/DAIR__qwen3.5-2b__sft-dpo-v2/wordle-crazy_withclue/medium_frequency_words_clue_no_critic/instance_00015/interactions.json
llp9b__wordle-crazy_withclue__medium_frequency_words_clue_no_critic__instance_00015,llp9b,LLP: Large Language Problems__qwen3.5-9b__llp-final,LLP: Large Language Problems__qwen3.5-9b__llp-final,clem_outofdomain,wordle-crazy_withclue,medium_frequency_words_clue_no_critic,instance_00015,games_final/clem_outofdomain/LLP: Large Language Problems__qwen3.5-9b__llp-final/wordle-crazy_withclue/medium_frequency_words_clue_no_critic/instance_00015/interactions.json
qwen27b__wordle-crazy_withclue__medium_frequency_words_clue_no_critic__instance_00015,qwen27b,qwen3.5-27b,qwen3.5-27b,clem_outofdomain,wordle-crazy_withclue,medium_frequency_words_clue_no_critic,instance_00015,games_final/clem_outofdomain/qwen3.5-27b/wordle-crazy_withclue/medium_frequency_words_clue_no_critic/instance_00015/interactions.json
cityuol2b__wordle-crazy_withclue__medium_frequency_words_clue_no_critic__instance_00017,cityuol2b,CityUoL__qwen3.5-2b__Qwen-GuidePlay-2B-v1,CityUoL__qwen3.5-2b__Qwen-GuidePlay-2B-v1,clem_outofdomain,wordle-crazy_withclue,medium_frequency_words_clue_no_critic,instance_00017,games_final/clem_outofdomain/CityUoL__qwen3.5-2b__Qwen-GuidePlay-2B-v1/wordle-crazy_withclue/medium_frequency_words_clue_no_critic/instance_00017/interactions.json
dair2b__wordle-crazy_withclue__medium_frequency_words_clue_no_critic__instance_00017,dair2b,DAIR__qwen3.5-2b__sft-dpo-v2,DAIR__qwen3.5-2b__sft-dpo-v2,clem_outofdomain,wordle-crazy_withclue,medium_frequency_words_clue_no_critic,instance_00017,games_final/clem_outofdomain/DAIR__qwen3.5-2b__sft-dpo-v2/wordle-crazy_withclue/medium_frequency_words_clue_no_critic/instance_00017/interactions.json
llp9b__wordle-crazy_withclue__medium_frequency_words_clue_no_critic__instance_00017,llp9b,LLP: Large Language Problems__qwen3.5-9b__llp-final,LLP: Large Language Problems__qwen3.5-9b__llp-final,clem_outofdomain,wordle-crazy_withclue,medium_frequency_words_clue_no_critic,instance_00017,games_final/clem_outofdomain/LLP: Large Language Problems__qwen3.5-9b__llp-final/wordle-crazy_withclue/medium_frequency_words_clue_no_critic/instance_00017/interactions.json
qwen27b__wordle-crazy_withclue__medium_frequency_words_clue_no_critic__instance_00017,qwen27b,qwen3.5-27b,qwen3.5-27b,clem_outofdomain,wordle-crazy_withclue,medium_frequency_words_clue_no_critic,instance_00017,games_final/clem_outofdomain/qwen3.5-27b/wordle-crazy_withclue/medium_frequency_words_clue_no_critic/instance_00017/interactions.json
